FID,ALTURA,PROVINCIA,DEPARTAMENTO
0,100,ALTO AMAZONAS,LORETO
1,100,ASCOPE,LA LIBERTAD
2,100,ATALAYA,UCAYALI
3,100,AYABACA,PIURA
4,100,BARRANCA,LIMA
5,100,CALLAO,CALLAO
6,100,CAMANA,AREQUIPA
7,100,CAÑETE,LIMA
8,100,CARAVELI,AREQUIPA
9,100,CASMA,ANCASH
10,100,CAYLLOMA,AREQUIPA
11,100,CHEPEN,LA LIBERTAD
12,100,CHICLAYO,LAMBAYEQUE
13,100,CHINCHA,ICA
14,100,CONTRALMIRANTE VILLAR,TUMBES
15,100,CONTUMAZA,CAJAMARCA
16,100,CORONEL PORTILLO,UCAYALI
17,100,DATEM DEL MARAÑON,LORETO
18,100,FERREÑAFE,LAMBAYEQUE
19,100,HUANCABAMBA,PIURA
20,100,HUARAL,LIMA
21,100,HUARMEY,ANCASH
22,100,HUAURA,LIMA
23,100,ICA,ICA
24,100,ILO,MOQUEGUA
25,100,ISLAY,AREQUIPA
26,100,JORGE BASADRE,TACNA
27,100,LAMAS,SAN MARTIN
28,100,LAMBAYEQUE,LAMBAYEQUE
29,100,LIMA,LIMA
30,100,LORETO,LORETO
31,100,MARISCAL RAMON CASTILLA,LORETO
32,100,MAYNAS,LORETO
33,100,MORROPON,PIURA
34,100,NAZCA,ICA
35,100,OCROS,ANCASH
36,100,PACASMAYO,LA LIBERTAD
37,100,PADRE ABAD,UCAYALI
38,100,PAITA,PIURA
39,100,PICOTA,SAN MARTIN
40,100,PISCO,ICA
41,100,PIURA,PIURA
42,100,PUERTO INCA,HUANUCO
43,100,PUIRA,PIURA
44,100,PURUS,UCAYALI
45,100,REQUENA,LORETO
46,100,SAN MARTIN,SAN MARTIN
47,100,SANTA,ANCASH
48,100,SECHURA,PIURA
49,100,SULLANA,PIURA
50,100,TACNA,TACNA
51,100,TALARA,PIURA
52,100,TAMBOPATA,MADRE DE DIOS
53,100,TRUJILLO,LA LIBERTAD
54,100,TUMBES,TUMBES
55,100,UCAYALI,LORETO
56,100,VIRU,LA LIBERTAD
57,100,ZARUMILLA,TUMBES
58,100,CONDORCANQUI,AMAZONAS
59,300,ALTO AMAZONAS,LORETO
60,300,AREQUIPA,AREQUIPA
61,300,ASCOPE,LA LIBERTAD
62,300,ATALAYA,UCAYALI
63,300,AYABACA,PIURA
64,300,BAGUA,AMAZONAS
65,300,BARRANCA,LIMA
66,300,BELLAVISTA,SAN MARTIN
67,300,CALLAO,CALLAO
68,300,CAMANA,AREQUIPA
69,300,CAÑETE,LIMA
70,300,CARABAYA,PUNO
71,300,CARAVELI,AREQUIPA
72,300,CASMA,ANCASH
73,300,CASTILLA,AREQUIPA
74,300,CAYLLOMA,AREQUIPA
75,300,CHEPEN,LA LIBERTAD
76,300,CHICLAYO,LAMBAYEQUE
77,300,CHINCHA,ICA
78,300,CHOTA,CAJAMARCA
79,300,CONDESUYOS,AREQUIPA
80,300,CONTRALMIRANTE VILLAR,TUMBES
81,300,CONTUMAZA,CAJAMARCA
82,300,CORONEL PORTILLO,UCAYALI
83,300,DATEM DEL MARAÑON,LORETO
84,300,EL DORADO,SAN MARTIN
85,300,FERREÑAFE,LAMBAYEQUE
86,300,GRAN CHIMU,LA LIBERTAD
87,300,HUALLAGA,SAN MARTIN
88,300,HUANCABAMBA,PIURA
89,300,HUARAL,LIMA
90,300,HUARMEY,ANCASH
91,300,HUAROCHIRI,LIMA
92,300,HUAURA,LIMA
93,300,ICA,ICA
94,300,ILO,MOQUEGUA
95,300,ISLAY,AREQUIPA
96,300,JAEN,CAJAMARCA
97,300,JORGE BASADRE,TACNA
98,300,LA CONVENCION,CUSCO
99,300,LAMAS,SAN MARTIN
100,300,LAMBAYEQUE,LAMBAYEQUE
101,300,LIMA,LIMA
102,300,LORETO,LORETO
103,300,MANU,MADRE DE DIOS
104,300,MARISCAL CACERES,SAN MARTIN
105,300,MAYNAS,LORETO
106,300,MORROPON,PIURA
107,300,NAZCA,ICA
108,300,OCROS,ANCASH
109,300,OXAPAMPA,PASCO
110,300,PACASMAYO,LA LIBERTAD
111,300,PADRE ABAD,UCAYALI
112,300,PAITA,PIURA
113,300,PALPA,ICA
114,300,PICOTA,SAN MARTIN
115,300,PISCO,ICA
116,300,PIURA,PIURA
117,300,PUERTO INCA,HUANUCO
118,300,PUIRA,PIURA
119,300,PURUS,UCAYALI
120,300,QUISPICANCHI,CUSCO
121,300,REQUENA,LORETO
122,300,SAN MARTIN,SAN MARTIN
123,300,SAN MIGUEL,CAJAMARCA
124,300,SANDIA,PUNO
125,300,SANTA,ANCASH
126,300,SANTA CRUZ,CAJAMARCA
127,300,SATIPO,JUNIN
128,300,SECHURA,PIURA
129,300,SULLANA,PIURA
130,300,TACNA,TACNA
131,300,TAHUAMANU,MADRE DE DIOS
132,300,TALARA,PIURA
133,300,TAMBOPATA,MADRE DE DIOS
134,300,TOCACHE,SAN MARTIN
135,300,TRUJILLO,LA LIBERTAD
136,300,TUMBES,TUMBES
137,300,UCAYALI,LORETO
138,300,UTCUBAMBA,AMAZONAS
139,300,VIRU,LA LIBERTAD
140,300,ZARUMILLA,TUMBES
141,300,CONDORCANQUI,AMAZONAS
142,500,ALTO AMAZONAS,LORETO
143,500,AREQUIPA,AREQUIPA
144,500,ASCOPE,LA LIBERTAD
145,500,ATALAYA,UCAYALI
146,500,AYABACA,PIURA
147,500,BAGUA,AMAZONAS
148,500,BARRANCA,LIMA
149,500,BELLAVISTA,SAN MARTIN
150,500,BONGARA,AMAZONAS
151,500,CALLAO,CALLAO
152,500,CAMANA,AREQUIPA
153,500,CANTA,LIMA
154,500,CAÑETE,LIMA
155,500,CARABAYA,PUNO
156,500,CARAVELI,AREQUIPA
157,500,CASMA,ANCASH
158,500,CASTILLA,AREQUIPA
159,500,CAYLLOMA,AREQUIPA
160,500,CHANCHAMAYO,JUNIN
161,500,CHEPEN,LA LIBERTAD
162,500,CHICLAYO,LAMBAYEQUE
163,500,CHINCHA,ICA
164,500,CHOTA,CAJAMARCA
165,500,CONDESUYOS,AREQUIPA
166,500,CONTRALMIRANTE VILLAR,TUMBES
167,500,CONTUMAZA,CAJAMARCA
168,500,CORONEL PORTILLO,UCAYALI
169,500,CUTERVO,CAJAMARCA
170,500,DATEM DEL MARAÑON,LORETO
171,500,EL DORADO,SAN MARTIN
172,500,FERREÑAFE,LAMBAYEQUE
173,500,GENERAL SANCHEZ CERRO,MOQUEGUA
174,500,GRAN CHIMU,LA LIBERTAD
175,500,HUALLAGA,SAN MARTIN
176,500,HUANCABAMBA,PIURA
177,500,HUANTA,AYACUCHO
178,500,HUARAL,LIMA
179,500,HUARAZ,ANCASH
180,500,HUARMEY,ANCASH
181,500,HUAROCHIRI,LIMA
182,500,HUAURA,LIMA
183,500,ICA,ICA
184,500,ILO,MOQUEGUA
185,500,ISLAY,AREQUIPA
186,500,JAEN,CAJAMARCA
187,500,JORGE BASADRE,TACNA
188,500,LA CONVENCION,CUSCO
189,500,LA MAR,AYACUCHO
190,500,LAMAS,SAN MARTIN
191,500,LAMBAYEQUE,LAMBAYEQUE
192,500,LEONCIO PRADO,HUANUCO
193,500,LIMA,LIMA
194,500,LUCANAS,AYACUCHO
195,500,LUYA,AMAZONAS
196,500,MANU,MADRE DE DIOS
197,500,MARAÑON,HUANUCO
198,500,MARISCAL CACERES,SAN MARTIN
199,500,MARISCAL NIETO,MOQUEGUA
200,500,MAYNAS,LORETO
201,500,MORROPON,PIURA
202,500,NAZCA,ICA
203,500,OCROS,ANCASH
204,500,OTUZCO,LA LIBERTAD
205,500,OXAPAMPA,PASCO
206,500,PACASMAYO,LA LIBERTAD
207,500,PADRE ABAD,UCAYALI
208,500,PALLASCA,ANCASH
209,500,PALPA,ICA
210,500,PAUCARTAMBO,CUSCO
211,500,PICOTA,SAN MARTIN
212,500,PISCO,ICA
213,500,PIURA,PIURA
214,500,PUERTO INCA,HUANUCO
215,500,PURUS,UCAYALI
216,500,QUISPICANCHI,CUSCO
217,500,REQUENA,LORETO
218,500,SAN IGNACIO,CAJAMARCA
219,500,SAN MARTIN,SAN MARTIN
220,500,SAN MIGUEL,CAJAMARCA
221,500,SANDIA,PUNO
222,500,SANTA,ANCASH
223,500,SANTA CRUZ,CAJAMARCA
224,500,SANTIAGO DE CHUCO,LA LIBERTAD
225,500,SATIPO,JUNIN
226,500,SECHURA,PIURA
227,500,SULLANA,PIURA
228,500,TACNA,TACNA
229,500,TAHUAMANU,MADRE DE DIOS
230,500,TALARA,PIURA
231,500,TAMBOPATA,MADRE DE DIOS
232,500,TOCACHE,SAN MARTIN
233,500,TRUJILLO,LA LIBERTAD
234,500,TUMBES,TUMBES
235,500,UCAYALI,LORETO
236,500,UTCUBAMBA,AMAZONAS
237,500,VIRU,LA LIBERTAD
238,500,ZARUMILLA,TUMBES
239,500,CONDORCANQUI,AMAZONAS
240,700,AIJA,ANCASH
241,700,ALTO AMAZONAS,LORETO
242,700,AREQUIPA,AREQUIPA
243,700,ASCOPE,LA LIBERTAD
244,700,ATALAYA,UCAYALI
245,700,AYABACA,PIURA
246,700,BAGUA,AMAZONAS
247,700,BARRANCA,LIMA
248,700,BELLAVISTA,SAN MARTIN
249,700,BOLOGNESI,ANCASH
250,700,BONGARA,AMAZONAS
251,700,CAMANA,AREQUIPA
252,700,CANTA,LIMA
253,700,CAÑETE,LIMA
254,700,CARABAYA,PUNO
255,700,CARAVELI,AREQUIPA
256,700,CASMA,ANCASH
257,700,CASTILLA,AREQUIPA
258,700,CASTROVIRREYNA,HUANCAVELICA
259,700,CAYLLOMA,AREQUIPA
260,700,CELENDIN,CAJAMARCA
261,700,CHANCHAMAYO,JUNIN
262,700,CHEPEN,LA LIBERTAD
263,700,CHICLAYO,LAMBAYEQUE
264,700,CHINCHA,ICA
265,700,CHOTA,CAJAMARCA
266,700,CONDESUYOS,AREQUIPA
267,700,CONTRALMIRANTE VILLAR,TUMBES
268,700,CONTUMAZA,CAJAMARCA
269,700,CORONEL PORTILLO,UCAYALI
270,700,CORONGO,ANCASH
271,700,CUTERVO,CAJAMARCA
272,700,DATEM DEL MARAÑON,LORETO
273,700,EL DORADO,SAN MARTIN
274,700,FERREÑAFE,LAMBAYEQUE
275,700,GENERAL SANCHEZ CERRO,MOQUEGUA
276,700,GRAN CHIMU,LA LIBERTAD
277,700,HUACAYBAMBA,HUANUCO
278,700,HUALLAGA,SAN MARTIN
279,700,HUAMALIES,HUANUCO
280,700,HUANCABAMBA,PIURA
281,700,HUANTA,AYACUCHO
282,700,HUANUCO,HUANUCO
283,700,HUARAL,LIMA
284,700,HUARAZ,ANCASH
285,700,HUARMEY,ANCASH
286,700,HUAROCHIRI,LIMA
287,700,HUAURA,LIMA
288,700,ICA,ICA
289,700,ILO,MOQUEGUA
290,700,ISLAY,AREQUIPA
291,700,JAEN,CAJAMARCA
292,700,JORGE BASADRE,TACNA
293,700,LA CONVENCION,CUSCO
294,700,LA MAR,AYACUCHO
295,700,LAMAS,SAN MARTIN
296,700,LAMBAYEQUE,LAMBAYEQUE
297,700,LEONCIO PRADO,HUANUCO
298,700,LIMA,LIMA
299,700,LUCANAS,AYACUCHO
300,700,LUYA,AMAZONAS
301,700,MANU,MADRE DE DIOS
302,700,MARAÑON,HUANUCO
303,700,MARISCAL CACERES,SAN MARTIN
304,700,MARISCAL NIETO,MOQUEGUA
305,700,MORROPON,PIURA
306,700,MOYOBAMBA,SAN MARTIN
307,700,NAZCA,ICA
308,700,OCROS,ANCASH
309,700,OTUZCO,LA LIBERTAD
310,700,OXAPAMPA,PASCO
311,700,PACASMAYO,LA LIBERTAD
312,700,PADRE ABAD,UCAYALI
313,700,PALLASCA,ANCASH
314,700,PALPA,ICA
315,700,PAUCARTAMBO,CUSCO
316,700,PICOTA,SAN MARTIN
317,700,PISCO,ICA
318,700,PIURA,PIURA
319,700,PUERTO INCA,HUANUCO
320,700,QUISPICANCHI,CUSCO
321,700,REQUENA,LORETO
322,700,SAN IGNACIO,CAJAMARCA
323,700,SAN MARTIN,SAN MARTIN
324,700,SAN MIGUEL,CAJAMARCA
325,700,SAN PABLO,CAJAMARCA
326,700,SANDIA,PUNO
327,700,SANTA,ANCASH
328,700,SANTA CRUZ,CAJAMARCA
329,700,SANTIAGO DE CHUCO,LA LIBERTAD
330,700,SATIPO,JUNIN
331,700,SULLANA,PIURA
332,700,TACNA,TACNA
333,700,TALARA,PIURA
334,700,TAMBOPATA,MADRE DE DIOS
335,700,TAYACAJA,HUANCAVELICA
336,700,TOCACHE,SAN MARTIN
337,700,TRUJILLO,LA LIBERTAD
338,700,TUMBES,TUMBES
339,700,UCAYALI,LORETO
340,700,UTCUBAMBA,AMAZONAS
341,700,VIRU,LA LIBERTAD
342,700,ZARUMILLA,TUMBES
343,700,CONDORCANQUI,AMAZONAS
344,900,AIJA,ANCASH
345,900,ALTO AMAZONAS,LORETO
346,900,AREQUIPA,AREQUIPA
347,900,ASCOPE,LA LIBERTAD
348,900,ATALAYA,UCAYALI
349,900,AYABACA,PIURA
350,900,BAGUA,AMAZONAS
351,900,BARRANCA,LIMA
352,900,BELLAVISTA,SAN MARTIN
353,900,BOLIVAR,LA LIBERTAD
354,900,BOLOGNESI,ANCASH
355,900,BONGARA,AMAZONAS
356,900,CAJAMARCA,CAJAMARCA
357,900,CAJATAMBO,LIMA
358,900,CALCA,CUSCO
359,900,CAMANA,AREQUIPA
360,900,CANTA,LIMA
361,900,CAÑETE,LIMA
362,900,CARABAYA,PUNO
363,900,CARAVELI,AREQUIPA
364,900,CASMA,ANCASH
365,900,CASTILLA,AREQUIPA
366,900,CASTROVIRREYNA,HUANCAVELICA
367,900,CAYLLOMA,AREQUIPA
368,900,CELENDIN,CAJAMARCA
369,900,CHACHAPOYAS,AMAZONAS
370,900,CHANCHAMAYO,JUNIN
371,900,CHEPEN,LA LIBERTAD
372,900,CHICLAYO,LAMBAYEQUE
373,900,CHINCHA,ICA
374,900,CHOTA,CAJAMARCA
375,900,CONDESUYOS,AREQUIPA
376,900,CONTRALMIRANTE VILLAR,TUMBES
377,900,CONTUMAZA,CAJAMARCA
378,900,CORONEL PORTILLO,UCAYALI
379,900,CORONGO,ANCASH
380,900,CUTERVO,CAJAMARCA
381,900,DATEM DEL MARAÑON,LORETO
382,900,EL DORADO,SAN MARTIN
383,900,FERREÑAFE,LAMBAYEQUE
384,900,GENERAL SANCHEZ CERRO,MOQUEGUA
385,900,GRAN CHIMU,LA LIBERTAD
386,900,HUACAYBAMBA,HUANUCO
387,900,HUALLAGA,SAN MARTIN
388,900,HUAMALIES,HUANUCO
389,900,HUANCABAMBA,PIURA
390,900,HUANTA,AYACUCHO
391,900,HUANUCO,HUANUCO
392,900,HUARAL,LIMA
393,900,HUARAZ,ANCASH
394,900,HUARMEY,ANCASH
395,900,HUAROCHIRI,LIMA
396,900,HUAURA,LIMA
397,900,HUAYTARA,HUANCAVELICA
398,900,ICA,ICA
399,900,ILO,MOQUEGUA
400,900,ISLAY,AREQUIPA
401,900,JAEN,CAJAMARCA
402,900,JORGE BASADRE,TACNA
403,900,LA CONVENCION,CUSCO
404,900,LA MAR,AYACUCHO
405,900,LA UNION,AREQUIPA
406,900,LAMAS,SAN MARTIN
407,900,LAMBAYEQUE,LAMBAYEQUE
408,900,LEONCIO PRADO,HUANUCO
409,900,LIMA,LIMA
410,900,LUCANAS,AYACUCHO
411,900,LUYA,AMAZONAS
412,900,MANU,MADRE DE DIOS
413,900,MARAÑON,HUANUCO
414,900,MARISCAL CACERES,SAN MARTIN
415,900,MARISCAL NIETO,MOQUEGUA
416,900,MORROPON,PIURA
417,900,MOYOBAMBA,SAN MARTIN
418,900,NAZCA,ICA
419,900,OCROS,ANCASH
420,900,OTUZCO,LA LIBERTAD
421,900,OXAPAMPA,PASCO
422,900,PACASMAYO,LA LIBERTAD
423,900,PACHITEA,HUANUCO
424,900,PADRE ABAD,UCAYALI
425,900,PALLASCA,ANCASH
426,900,PALPA,ICA
427,900,PARINACOCHAS,AYACUCHO
428,900,PAUCARTAMBO,CUSCO
429,900,PICOTA,SAN MARTIN
430,900,PISCO,ICA
431,900,PIURA,PIURA
432,900,PUERTO INCA,HUANUCO
433,900,QUISPICANCHI,CUSCO
434,900,RIOJA,SAN MARTIN
435,900,SAN IGNACIO,CAJAMARCA
436,900,SAN MARCOS,CAJAMARCA
437,900,SAN MARTIN,SAN MARTIN
438,900,SAN MIGUEL,CAJAMARCA
439,900,SAN PABLO,CAJAMARCA
440,900,SANDIA,PUNO
441,900,SANTA,ANCASH
442,900,SANTA CRUZ,CAJAMARCA
443,900,SANTIAGO DE CHUCO,LA LIBERTAD
444,900,SATIPO,JUNIN
445,900,SULLANA,PIURA
446,900,TACNA,TACNA
447,900,TALARA,PIURA
448,900,TAYACAJA,HUANCAVELICA
449,900,TOCACHE,SAN MARTIN
450,900,TRUJILLO,LA LIBERTAD
451,900,TUMBES,TUMBES
452,900,UCAYALI,LORETO
453,900,UTCUBAMBA,AMAZONAS
454,900,VIRU,LA LIBERTAD
455,900,YAUYOS,LIMA
456,900,ZARUMILLA,TUMBES
457,900,CONDORCANQUI,AMAZONAS
458,1100,ABANCAY,APURIMAC
459,1100,AIJA,ANCASH
460,1100,ALTO AMAZONAS,LORETO
461,1100,ANDAHUAYLAS,APURIMAC
462,1100,AREQUIPA,AREQUIPA
463,1100,ASCOPE,LA LIBERTAD
464,1100,ATALAYA,UCAYALI
465,1100,AYABACA,PIURA
466,1100,BAGUA,AMAZONAS
467,1100,BARRANCA,LIMA
468,1100,BELLAVISTA,SAN MARTIN
469,1100,BOLIVAR,LA LIBERTAD
470,1100,BOLOGNESI,ANCASH
471,1100,BONGARA,AMAZONAS
472,1100,CAJABAMBA,CAJAMARCA
473,1100,CAJAMARCA,CAJAMARCA
474,1100,CAJATAMBO,LIMA
475,1100,CALCA,CUSCO
476,1100,CAMANA,AREQUIPA
477,1100,CANTA,LIMA
478,1100,CAÑETE,LIMA
479,1100,CARABAYA,PUNO
480,1100,CARAVELI,AREQUIPA
481,1100,CASMA,ANCASH
482,1100,CASTILLA,AREQUIPA
483,1100,CASTROVIRREYNA,HUANCAVELICA
484,1100,CAYLLOMA,AREQUIPA
485,1100,CELENDIN,CAJAMARCA
486,1100,CHACHAPOYAS,AMAZONAS
487,1100,CHANCHAMAYO,JUNIN
488,1100,CHEPEN,LA LIBERTAD
489,1100,CHICLAYO,LAMBAYEQUE
490,1100,CHINCHA,ICA
491,1100,CHOTA,CAJAMARCA
492,1100,CONDESUYOS,AREQUIPA
493,1100,CONTRALMIRANTE VILLAR,TUMBES
494,1100,CONTUMAZA,CAJAMARCA
495,1100,CORONEL PORTILLO,UCAYALI
496,1100,CORONGO,ANCASH
497,1100,CUTERVO,CAJAMARCA
498,1100,DATEM DEL MARAÑON,LORETO
499,1100,EL DORADO,SAN MARTIN
500,1100,FERREÑAFE,LAMBAYEQUE
501,1100,GENERAL SANCHEZ CERRO,MOQUEGUA
502,1100,GRAN CHIMU,LA LIBERTAD
503,1100,HUACAYBAMBA,HUANUCO
504,1100,HUALLAGA,SAN MARTIN
505,1100,HUAMALIES,HUANUCO
506,1100,HUANCABAMBA,PIURA
507,1100,HUANCAYO,JUNIN
508,1100,HUANTA,AYACUCHO
509,1100,HUANUCO,HUANUCO
510,1100,HUARAL,LIMA
511,1100,HUARAZ,ANCASH
512,1100,HUARMEY,ANCASH
513,1100,HUAROCHIRI,LIMA
514,1100,HUAURA,LIMA
515,1100,HUAYLAS,ANCASH
516,1100,HUAYTARA,HUANCAVELICA
517,1100,ICA,ICA
518,1100,ILO,MOQUEGUA
519,1100,ISLAY,AREQUIPA
520,1100,JAEN,CAJAMARCA
521,1100,JAUJA,JUNIN
522,1100,JORGE BASADRE,TACNA
523,1100,JUNIN,JUNIN
524,1100,LA CONVENCION,CUSCO
525,1100,LA MAR,AYACUCHO
526,1100,LA UNION,AREQUIPA
527,1100,LAMAS,SAN MARTIN
528,1100,LAMBAYEQUE,LAMBAYEQUE
529,1100,LEONCIO PRADO,HUANUCO
530,1100,LIMA,LIMA
531,1100,LUCANAS,AYACUCHO
532,1100,LUYA,AMAZONAS
533,1100,MANU,MADRE DE DIOS
534,1100,MARAÑON,HUANUCO
535,1100,MARISCAL CACERES,SAN MARTIN
536,1100,MARISCAL NIETO,MOQUEGUA
537,1100,MORROPON,PIURA
538,1100,MOYOBAMBA,SAN MARTIN
539,1100,NAZCA,ICA
540,1100,OCROS,ANCASH
541,1100,OTUZCO,LA LIBERTAD
542,1100,OXAPAMPA,PASCO
543,1100,OYON,LIMA
544,1100,PACASMAYO,LA LIBERTAD
545,1100,PACHITEA,HUANUCO
546,1100,PADRE ABAD,UCAYALI
547,1100,PALLASCA,ANCASH
548,1100,PALPA,ICA
549,1100,PARINACOCHAS,AYACUCHO
550,1100,PATAZ,LA LIBERTAD
551,1100,PAUCARTAMBO,CUSCO
552,1100,PICOTA,SAN MARTIN
553,1100,PISCO,ICA
554,1100,PIURA,PIURA
555,1100,PUERTO INCA,HUANUCO
556,1100,QUISPICANCHI,CUSCO
557,1100,RECUAY,ANCASH
558,1100,RIOJA,SAN MARTIN
559,1100,RODRIGUEZ DE MENDOZA,AMAZONAS
560,1100,SAN IGNACIO,CAJAMARCA
561,1100,SAN MARCOS,CAJAMARCA
562,1100,SAN MARTIN,SAN MARTIN
563,1100,SAN MIGUEL,CAJAMARCA
564,1100,SAN PABLO,CAJAMARCA
565,1100,SANCHEZ CARRION,LA LIBERTAD
566,1100,SANDIA,PUNO
567,1100,SANTA,ANCASH
568,1100,SANTA CRUZ,CAJAMARCA
569,1100,SANTIAGO DE CHUCO,LA LIBERTAD
570,1100,SATIPO,JUNIN
571,1100,SULLANA,PIURA
572,1100,TACNA,TACNA
573,1100,TALARA,PIURA
574,1100,TAYACAJA,HUANCAVELICA
575,1100,TOCACHE,SAN MARTIN
576,1100,TRUJILLO,LA LIBERTAD
577,1100,TUMBES,TUMBES
578,1100,UCAYALI,LORETO
579,1100,UTCUBAMBA,AMAZONAS
580,1100,VIRU,LA LIBERTAD
581,1100,YAUYOS,LIMA
582,1100,YUNGAY,ANCASH
583,1100,CONDORCANQUI,AMAZONAS
584,1300,ABANCAY,APURIMAC
585,1300,AIJA,ANCASH
586,1300,ALTO AMAZONAS,LORETO
587,1300,ANDAHUAYLAS,APURIMAC
588,1300,AREQUIPA,AREQUIPA
589,1300,ASCOPE,LA LIBERTAD
590,1300,ATALAYA,UCAYALI
591,1300,AYABACA,PIURA
592,1300,BAGUA,AMAZONAS
593,1300,BARRANCA,LIMA
594,1300,BELLAVISTA,SAN MARTIN
595,1300,BOLIVAR,LA LIBERTAD
596,1300,BOLOGNESI,ANCASH
597,1300,BONGARA,AMAZONAS
598,1300,CAJABAMBA,CAJAMARCA
599,1300,CAJAMARCA,CAJAMARCA
600,1300,CAJATAMBO,LIMA
601,1300,CALCA,CUSCO
602,1300,CAMANA,AREQUIPA
603,1300,CANTA,LIMA
604,1300,CAÑETE,LIMA
605,1300,CARABAYA,PUNO
606,1300,CARAVELI,AREQUIPA
607,1300,CASMA,ANCASH
608,1300,CASTILLA,AREQUIPA
609,1300,CASTROVIRREYNA,HUANCAVELICA
610,1300,CAYLLOMA,AREQUIPA
611,1300,CELENDIN,CAJAMARCA
612,1300,CHACHAPOYAS,AMAZONAS
613,1300,CHANCHAMAYO,JUNIN
614,1300,CHEPEN,LA LIBERTAD
615,1300,CHICLAYO,LAMBAYEQUE
616,1300,CHINCHA,ICA
617,1300,CHINCHEROS,APURIMAC
618,1300,CHOTA,CAJAMARCA
619,1300,CONDESUYOS,AREQUIPA
620,1300,CONTRALMIRANTE VILLAR,TUMBES
621,1300,CONTUMAZA,CAJAMARCA
622,1300,CORONEL PORTILLO,UCAYALI
623,1300,CORONGO,ANCASH
624,1300,CUTERVO,CAJAMARCA
625,1300,DATEM DEL MARAÑON,LORETO
626,1300,EL DORADO,SAN MARTIN
627,1300,FERREÑAFE,LAMBAYEQUE
628,1300,GENERAL SANCHEZ CERRO,MOQUEGUA
629,1300,GRAN CHIMU,LA LIBERTAD
630,1300,HUACAYBAMBA,HUANUCO
631,1300,HUALLAGA,SAN MARTIN
632,1300,HUAMALIES,HUANUCO
633,1300,HUANCABAMBA,PIURA
634,1300,HUANCAYO,JUNIN
635,1300,HUANTA,AYACUCHO
636,1300,HUANUCO,HUANUCO
637,1300,HUARAL,LIMA
638,1300,HUARAZ,ANCASH
639,1300,HUARMEY,ANCASH
640,1300,HUAROCHIRI,LIMA
641,1300,HUAURA,LIMA
642,1300,HUAYLAS,ANCASH
643,1300,HUAYTARA,HUANCAVELICA
644,1300,ICA,ICA
645,1300,ILO,MOQUEGUA
646,1300,ISLAY,AREQUIPA
647,1300,JAEN,CAJAMARCA
648,1300,JAUJA,JUNIN
649,1300,JORGE BASADRE,TACNA
650,1300,JULCAN,LA LIBERTAD
651,1300,JUNIN,JUNIN
652,1300,LA CONVENCION,CUSCO
653,1300,LA MAR,AYACUCHO
654,1300,LA UNION,AREQUIPA
655,1300,LAMAS,SAN MARTIN
656,1300,LAMBAYEQUE,LAMBAYEQUE
657,1300,LEONCIO PRADO,HUANUCO
658,1300,LIMA,LIMA
659,1300,LUCANAS,AYACUCHO
660,1300,LUYA,AMAZONAS
661,1300,MANU,MADRE DE DIOS
662,1300,MARAÑON,HUANUCO
663,1300,MARISCAL CACERES,SAN MARTIN
664,1300,MARISCAL NIETO,MOQUEGUA
665,1300,MORROPON,PIURA
666,1300,MOYOBAMBA,SAN MARTIN
667,1300,NAZCA,ICA
668,1300,OCROS,ANCASH
669,1300,OTUZCO,LA LIBERTAD
670,1300,OXAPAMPA,PASCO
671,1300,OYON,LIMA
672,1300,PACASMAYO,LA LIBERTAD
673,1300,PACHITEA,HUANUCO
674,1300,PADRE ABAD,UCAYALI
675,1300,PALLASCA,ANCASH
676,1300,PALPA,ICA
677,1300,PARINACOCHAS,AYACUCHO
678,1300,PATAZ,LA LIBERTAD
679,1300,PAUCAR DEL SARA SARA,AYACUCHO
680,1300,PAUCARTAMBO,CUSCO
681,1300,PICOTA,SAN MARTIN
682,1300,PISCO,ICA
683,1300,PIURA,PIURA
684,1300,PUERTO INCA,HUANUCO
685,1300,QUISPICANCHI,CUSCO
686,1300,RECUAY,ANCASH
687,1300,RIOJA,SAN MARTIN
688,1300,RODRIGUEZ DE MENDOZA,AMAZONAS
689,1300,SAN IGNACIO,CAJAMARCA
690,1300,SAN MARCOS,CAJAMARCA
691,1300,SAN MARTIN,SAN MARTIN
692,1300,SAN MIGUEL,CAJAMARCA
693,1300,SAN PABLO,CAJAMARCA
694,1300,SANCHEZ CARRION,LA LIBERTAD
695,1300,SANDIA,PUNO
696,1300,SANTA,ANCASH
697,1300,SANTA CRUZ,CAJAMARCA
698,1300,SANTIAGO DE CHUCO,LA LIBERTAD
699,1300,SATIPO,JUNIN
700,1300,SULLANA,PIURA
701,1300,TACNA,TACNA
702,1300,TARMA,JUNIN
703,1300,TAYACAJA,HUANCAVELICA
704,1300,TOCACHE,SAN MARTIN
705,1300,TRUJILLO,LA LIBERTAD
706,1300,TUMBES,TUMBES
707,1300,UCAYALI,LORETO
708,1300,UTCUBAMBA,AMAZONAS
709,1300,VIRU,LA LIBERTAD
710,1300,YAUYOS,LIMA
711,1300,YUNGAY,ANCASH
712,1300,CONDORCANQUI,AMAZONAS
713,1500,ABANCAY,APURIMAC
714,1500,AIJA,ANCASH
715,1500,ALTO AMAZONAS,LORETO
716,1500,ANDAHUAYLAS,APURIMAC
717,1500,AREQUIPA,AREQUIPA
718,1500,ASCOPE,LA LIBERTAD
719,1500,ATALAYA,UCAYALI
720,1500,AYABACA,PIURA
721,1500,BAGUA,AMAZONAS
722,1500,BARRANCA,LIMA
723,1500,BELLAVISTA,SAN MARTIN
724,1500,BOLIVAR,LA LIBERTAD
725,1500,BOLOGNESI,ANCASH
726,1500,BONGARA,AMAZONAS
727,1500,CAJABAMBA,CAJAMARCA
728,1500,CAJAMARCA,CAJAMARCA
729,1500,CAJATAMBO,LIMA
730,1500,CALCA,CUSCO
731,1500,CAMANA,AREQUIPA
732,1500,CANTA,LIMA
733,1500,CAÑETE,LIMA
734,1500,CARABAYA,PUNO
735,1500,CARAVELI,AREQUIPA
736,1500,CASMA,ANCASH
737,1500,CASTILLA,AREQUIPA
738,1500,CASTROVIRREYNA,HUANCAVELICA
739,1500,CAYLLOMA,AREQUIPA
740,1500,CELENDIN,CAJAMARCA
741,1500,CHACHAPOYAS,AMAZONAS
742,1500,CHANCHAMAYO,JUNIN
743,1500,CHEPEN,LA LIBERTAD
744,1500,CHICLAYO,LAMBAYEQUE
745,1500,CHINCHA,ICA
746,1500,CHINCHEROS,APURIMAC
747,1500,CHOTA,CAJAMARCA
748,1500,CONDESUYOS,AREQUIPA
749,1500,CONTRALMIRANTE VILLAR,TUMBES
750,1500,CONTUMAZA,CAJAMARCA
751,1500,CORONEL PORTILLO,UCAYALI
752,1500,CORONGO,ANCASH
753,1500,CUTERVO,CAJAMARCA
754,1500,DATEM DEL MARAÑON,LORETO
755,1500,DOS DE MAYO,HUANUCO
756,1500,EL DORADO,SAN MARTIN
757,1500,FERREÑAFE,LAMBAYEQUE
758,1500,GENERAL SANCHEZ CERRO,MOQUEGUA
759,1500,GRAN CHIMU,LA LIBERTAD
760,1500,HUACAYBAMBA,HUANUCO
761,1500,HUALLAGA,SAN MARTIN
762,1500,HUAMALIES,HUANUCO
763,1500,HUANCABAMBA,PIURA
764,1500,HUANCAYO,JUNIN
765,1500,HUANTA,AYACUCHO
766,1500,HUANUCO,HUANUCO
767,1500,HUARAL,LIMA
768,1500,HUARAZ,ANCASH
769,1500,HUARMEY,ANCASH
770,1500,HUAROCHIRI,LIMA
771,1500,HUAURA,LIMA
772,1500,HUAYLAS,ANCASH
773,1500,HUAYTARA,HUANCAVELICA
774,1500,ICA,ICA
775,1500,ILO,MOQUEGUA
776,1500,ISLAY,AREQUIPA
777,1500,JAEN,CAJAMARCA
778,1500,JAUJA,JUNIN
779,1500,JORGE BASADRE,TACNA
780,1500,JULCAN,LA LIBERTAD
781,1500,JUNIN,JUNIN
782,1500,LA CONVENCION,CUSCO
783,1500,LA MAR,AYACUCHO
784,1500,LA UNION,AREQUIPA
785,1500,LAMAS,SAN MARTIN
786,1500,LAMBAYEQUE,LAMBAYEQUE
787,1500,LEONCIO PRADO,HUANUCO
788,1500,LIMA,LIMA
789,1500,LUCANAS,AYACUCHO
790,1500,LUYA,AMAZONAS
791,1500,MANU,MADRE DE DIOS
792,1500,MARAÑON,HUANUCO
793,1500,MARISCAL CACERES,SAN MARTIN
794,1500,MARISCAL NIETO,MOQUEGUA
795,1500,MORROPON,PIURA
796,1500,MOYOBAMBA,SAN MARTIN
797,1500,NAZCA,ICA
798,1500,OCROS,ANCASH
799,1500,OTUZCO,LA LIBERTAD
800,1500,OXAPAMPA,PASCO
801,1500,OYON,LIMA
802,1500,PACASMAYO,LA LIBERTAD
803,1500,PACHITEA,HUANUCO
804,1500,PADRE ABAD,UCAYALI
805,1500,PALLASCA,ANCASH
806,1500,PALPA,ICA
807,1500,PARINACOCHAS,AYACUCHO
808,1500,PATAZ,LA LIBERTAD
809,1500,PAUCAR DEL SARA SARA,AYACUCHO
810,1500,PAUCARTAMBO,CUSCO
811,1500,PICOTA,SAN MARTIN
812,1500,PISCO,ICA
813,1500,PIURA,PIURA
814,1500,PUERTO INCA,HUANUCO
815,1500,QUISPICANCHI,CUSCO
816,1500,RECUAY,ANCASH
817,1500,RIOJA,SAN MARTIN
818,1500,RODRIGUEZ DE MENDOZA,AMAZONAS
819,1500,SAN IGNACIO,CAJAMARCA
820,1500,SAN MARCOS,CAJAMARCA
821,1500,SAN MARTIN,SAN MARTIN
822,1500,SAN MIGUEL,CAJAMARCA
823,1500,SAN PABLO,CAJAMARCA
824,1500,SANCHEZ CARRION,LA LIBERTAD
825,1500,SANDIA,PUNO
826,1500,SANTA,ANCASH
827,1500,SANTA CRUZ,CAJAMARCA
828,1500,SANTIAGO DE CHUCO,LA LIBERTAD
829,1500,SATIPO,JUNIN
830,1500,SULLANA,PIURA
831,1500,TACNA,TACNA
832,1500,TARATA,TACNA
833,1500,TARMA,JUNIN
834,1500,TAYACAJA,HUANCAVELICA
835,1500,TOCACHE,SAN MARTIN
836,1500,TRUJILLO,LA LIBERTAD
837,1500,TUMBES,TUMBES
838,1500,UCAYALI,LORETO
839,1500,URUBAMBA,CUSCO
840,1500,UTCUBAMBA,AMAZONAS
841,1500,VIRU,LA LIBERTAD
842,1500,YAUYOS,LIMA
843,1500,YUNGAY,ANCASH
844,1500,CONDORCANQUI,AMAZONAS
845,1700,ABANCAY,APURIMAC
846,1700,AIJA,ANCASH
847,1700,ALTO AMAZONAS,LORETO
848,1700,ANDAHUAYLAS,APURIMAC
849,1700,ANTA,CUSCO
850,1700,AREQUIPA,AREQUIPA
851,1700,ASCOPE,LA LIBERTAD
852,1700,ATALAYA,UCAYALI
853,1700,AYABACA,PIURA
854,1700,BAGUA,AMAZONAS
855,1700,BARRANCA,LIMA
856,1700,BELLAVISTA,SAN MARTIN
857,1700,BOLIVAR,LA LIBERTAD
858,1700,BOLOGNESI,ANCASH
859,1700,BONGARA,AMAZONAS
860,1700,CAJABAMBA,CAJAMARCA
861,1700,CAJAMARCA,CAJAMARCA
862,1700,CAJATAMBO,LIMA
863,1700,CALCA,CUSCO
864,1700,CAMANA,AREQUIPA
865,1700,CANDARAVE,TACNA
866,1700,CANTA,LIMA
867,1700,CAÑETE,LIMA
868,1700,CARABAYA,PUNO
869,1700,CARAVELI,AREQUIPA
870,1700,CASMA,ANCASH
871,1700,CASTILLA,AREQUIPA
872,1700,CASTROVIRREYNA,HUANCAVELICA
873,1700,CAYLLOMA,AREQUIPA
874,1700,CELENDIN,CAJAMARCA
875,1700,CHACHAPOYAS,AMAZONAS
876,1700,CHANCHAMAYO,JUNIN
877,1700,CHICLAYO,LAMBAYEQUE
878,1700,CHINCHA,ICA
879,1700,CHINCHEROS,APURIMAC
880,1700,CHOTA,CAJAMARCA
881,1700,CHURCAMPA,HUANCAVELICA
882,1700,CONDESUYOS,AREQUIPA
883,1700,CONTUMAZA,CAJAMARCA
884,1700,CORONEL PORTILLO,UCAYALI
885,1700,CORONGO,ANCASH
886,1700,CUTERVO,CAJAMARCA
887,1700,DATEM DEL MARAÑON,LORETO
888,1700,DOS DE MAYO,HUANUCO
889,1700,EL DORADO,SAN MARTIN
890,1700,FERREÑAFE,LAMBAYEQUE
891,1700,GENERAL SANCHEZ CERRO,MOQUEGUA
892,1700,GRAN CHIMU,LA LIBERTAD
893,1700,HUACAYBAMBA,HUANUCO
894,1700,HUALLAGA,SAN MARTIN
895,1700,HUAMALIES,HUANUCO
896,1700,HUANCABAMBA,PIURA
897,1700,HUANCAYO,JUNIN
898,1700,HUANTA,AYACUCHO
899,1700,HUANUCO,HUANUCO
900,1700,HUARAL,LIMA
901,1700,HUARAZ,ANCASH
902,1700,HUARMEY,ANCASH
903,1700,HUAROCHIRI,LIMA
904,1700,HUAURA,LIMA
905,1700,HUAYLAS,ANCASH
906,1700,HUAYTARA,HUANCAVELICA
907,1700,ICA,ICA
908,1700,ILO,MOQUEGUA
909,1700,ISLAY,AREQUIPA
910,1700,JAEN,CAJAMARCA
911,1700,JAUJA,JUNIN
912,1700,JORGE BASADRE,TACNA
913,1700,JULCAN,LA LIBERTAD
914,1700,JUNIN,JUNIN
915,1700,LA CONVENCION,CUSCO
916,1700,LA MAR,AYACUCHO
917,1700,LA UNION,AREQUIPA
918,1700,LAMAS,SAN MARTIN
919,1700,LAMBAYEQUE,LAMBAYEQUE
920,1700,LEONCIO PRADO,HUANUCO
921,1700,LIMA,LIMA
922,1700,LUCANAS,AYACUCHO
923,1700,LUYA,AMAZONAS
924,1700,MANU,MADRE DE DIOS
925,1700,MARAÑON,HUANUCO
926,1700,MARISCAL CACERES,SAN MARTIN
927,1700,MARISCAL NIETO,MOQUEGUA
928,1700,MORROPON,PIURA
929,1700,MOYOBAMBA,SAN MARTIN
930,1700,NAZCA,ICA
931,1700,OCROS,ANCASH
932,1700,OTUZCO,LA LIBERTAD
933,1700,OXAPAMPA,PASCO
934,1700,OYON,LIMA
935,1700,PACASMAYO,LA LIBERTAD
936,1700,PACHITEA,HUANUCO
937,1700,PADRE ABAD,UCAYALI
938,1700,PALLASCA,ANCASH
939,1700,PALPA,ICA
940,1700,PARINACOCHAS,AYACUCHO
941,1700,PASCO,PASCO
942,1700,PATAZ,LA LIBERTAD
943,1700,PAUCAR DEL SARA SARA,AYACUCHO
944,1700,PAUCARTAMBO,CUSCO
945,1700,PICOTA,SAN MARTIN
946,1700,PISCO,ICA
947,1700,PIURA,PIURA
948,1700,POMABAMBA,ANCASH
949,1700,PUERTO INCA,HUANUCO
950,1700,QUISPICANCHI,CUSCO
951,1700,RECUAY,ANCASH
952,1700,RIOJA,SAN MARTIN
953,1700,RODRIGUEZ DE MENDOZA,AMAZONAS
954,1700,SAN ANTONIO DE PUTINA,PUNO
955,1700,SAN IGNACIO,CAJAMARCA
956,1700,SAN MARCOS,CAJAMARCA
957,1700,SAN MARTIN,SAN MARTIN
958,1700,SAN MIGUEL,CAJAMARCA
959,1700,SAN PABLO,CAJAMARCA
960,1700,SANCHEZ CARRION,LA LIBERTAD
961,1700,SANDIA,PUNO
962,1700,SANTA,ANCASH
963,1700,SANTA CRUZ,CAJAMARCA
964,1700,SANTIAGO DE CHUCO,LA LIBERTAD
965,1700,SATIPO,JUNIN
966,1700,SIHUAS,ANCASH
967,1700,TACNA,TACNA
968,1700,TARATA,TACNA
969,1700,TARMA,JUNIN
970,1700,TAYACAJA,HUANCAVELICA
971,1700,TOCACHE,SAN MARTIN
972,1700,TRUJILLO,LA LIBERTAD
973,1700,UCAYALI,LORETO
974,1700,URUBAMBA,CUSCO
975,1700,UTCUBAMBA,AMAZONAS
976,1700,VIRU,LA LIBERTAD
977,1700,YAUYOS,LIMA
978,1700,YUNGAY,ANCASH
979,1700,CONDORCANQUI,AMAZONAS
980,1900,ABANCAY,APURIMAC
981,1900,AIJA,ANCASH
982,1900,ALTO AMAZONAS,LORETO
983,1900,AMBO,HUANUCO
984,1900,ANDAHUAYLAS,APURIMAC
985,1900,ANTA,CUSCO
986,1900,ANTONIO RAYMONDI,ANCASH
987,1900,AREQUIPA,AREQUIPA
988,1900,ASCOPE,LA LIBERTAD
989,1900,ATALAYA,UCAYALI
990,1900,AYABACA,PIURA
991,1900,BAGUA,AMAZONAS
992,1900,BARRANCA,LIMA
993,1900,BELLAVISTA,SAN MARTIN
994,1900,BOLIVAR,LA LIBERTAD
995,1900,BOLOGNESI,ANCASH
996,1900,BONGARA,AMAZONAS
997,1900,CAJABAMBA,CAJAMARCA
998,1900,CAJAMARCA,CAJAMARCA
999,1900,CAJATAMBO,LIMA
1000,1900,CALCA,CUSCO
1001,1900,CAMANA,AREQUIPA
1002,1900,CANDARAVE,TACNA
1003,1900,CANTA,LIMA
1004,1900,CAÑETE,LIMA
1005,1900,CARABAYA,PUNO
1006,1900,CARAVELI,AREQUIPA
1007,1900,CARLOS FERMIN FITZCARRALD,ANCASH
1008,1900,CASMA,ANCASH
1009,1900,CASTILLA,AREQUIPA
1010,1900,CASTROVIRREYNA,HUANCAVELICA
1011,1900,CAYLLOMA,AREQUIPA
1012,1900,CELENDIN,CAJAMARCA
1013,1900,CHACHAPOYAS,AMAZONAS
1014,1900,CHANCHAMAYO,JUNIN
1015,1900,CHICLAYO,LAMBAYEQUE
1016,1900,CHINCHA,ICA
1017,1900,CHINCHEROS,APURIMAC
1018,1900,CHOTA,CAJAMARCA
1019,1900,CHURCAMPA,HUANCAVELICA
1020,1900,CONDESUYOS,AREQUIPA
1021,1900,CONTUMAZA,CAJAMARCA
1022,1900,CORONEL PORTILLO,UCAYALI
1023,1900,CORONGO,ANCASH
1024,1900,CUTERVO,CAJAMARCA
1025,1900,DATEM DEL MARAÑON,LORETO
1026,1900,DOS DE MAYO,HUANUCO
1027,1900,EL DORADO,SAN MARTIN
1028,1900,FERREÑAFE,LAMBAYEQUE
1029,1900,GENERAL SANCHEZ CERRO,MOQUEGUA
1030,1900,GRAN CHIMU,LA LIBERTAD
1031,1900,HUACAYBAMBA,HUANUCO
1032,1900,HUALGAYOC,CAJAMARCA
1033,1900,HUALLAGA,SAN MARTIN
1034,1900,HUAMALIES,HUANUCO
1035,1900,HUAMANGA,AYACUCHO
1036,1900,HUANCABAMBA,PIURA
1037,1900,HUANCAYO,JUNIN
1038,1900,HUANTA,AYACUCHO
1039,1900,HUANUCO,HUANUCO
1040,1900,HUARAL,LIMA
1041,1900,HUARAZ,ANCASH
1042,1900,HUARMEY,ANCASH
1043,1900,HUAROCHIRI,LIMA
1044,1900,HUAURA,LIMA
1045,1900,HUAYLAS,ANCASH
1046,1900,HUAYTARA,HUANCAVELICA
1047,1900,ICA,ICA
1048,1900,ISLAY,AREQUIPA
1049,1900,JAEN,CAJAMARCA
1050,1900,JAUJA,JUNIN
1051,1900,JORGE BASADRE,TACNA
1052,1900,JULCAN,LA LIBERTAD
1053,1900,JUNIN,JUNIN
1054,1900,LA CONVENCION,CUSCO
1055,1900,LA MAR,AYACUCHO
1056,1900,LA UNION,AREQUIPA
1057,1900,LAMAS,SAN MARTIN
1058,1900,LAMBAYEQUE,LAMBAYEQUE
1059,1900,LEONCIO PRADO,HUANUCO
1060,1900,LIMA,LIMA
1061,1900,LUCANAS,AYACUCHO
1062,1900,LUYA,AMAZONAS
1063,1900,MANU,MADRE DE DIOS
1064,1900,MARAÑON,HUANUCO
1065,1900,MARISCAL CACERES,SAN MARTIN
1066,1900,MARISCAL LUZURIAGA,ANCASH
1067,1900,MARISCAL NIETO,MOQUEGUA
1068,1900,MORROPON,PIURA
1069,1900,MOYOBAMBA,SAN MARTIN
1070,1900,NAZCA,ICA
1071,1900,OCROS,ANCASH
1072,1900,OTUZCO,LA LIBERTAD
1073,1900,OXAPAMPA,PASCO
1074,1900,OYON,LIMA
1075,1900,PACASMAYO,LA LIBERTAD
1076,1900,PACHITEA,HUANUCO
1077,1900,PADRE ABAD,UCAYALI
1078,1900,PALLASCA,ANCASH
1079,1900,PALPA,ICA
1080,1900,PARINACOCHAS,AYACUCHO
1081,1900,PASCO,PASCO
1082,1900,PATAZ,LA LIBERTAD
1083,1900,PAUCAR DEL SARA SARA,AYACUCHO
1084,1900,PAUCARTAMBO,CUSCO
1085,1900,PISCO,ICA
1086,1900,POMABAMBA,ANCASH
1087,1900,PUERTO INCA,HUANUCO
1088,1900,QUISPICANCHI,CUSCO
1089,1900,RECUAY,ANCASH
1090,1900,RIOJA,SAN MARTIN
1091,1900,RODRIGUEZ DE MENDOZA,AMAZONAS
1092,1900,SAN ANTONIO DE PUTINA,PUNO
1093,1900,SAN IGNACIO,CAJAMARCA
1094,1900,SAN MARCOS,CAJAMARCA
1095,1900,SAN MIGUEL,CAJAMARCA
1096,1900,SAN PABLO,CAJAMARCA
1097,1900,SANCHEZ CARRION,LA LIBERTAD
1098,1900,SANDIA,PUNO
1099,1900,SANTA,ANCASH
1100,1900,SANTA CRUZ,CAJAMARCA
1101,1900,SANTIAGO DE CHUCO,LA LIBERTAD
1102,1900,SATIPO,JUNIN
1103,1900,SIHUAS,ANCASH
1104,1900,TACNA,TACNA
1105,1900,TARATA,TACNA
1106,1900,TARMA,JUNIN
1107,1900,TAYACAJA,HUANCAVELICA
1108,1900,TOCACHE,SAN MARTIN
1109,1900,TRUJILLO,LA LIBERTAD
1110,1900,UCAYALI,LORETO
1111,1900,URUBAMBA,CUSCO
1112,1900,UTCUBAMBA,AMAZONAS
1113,1900,VILCAS HUAMAN,AYACUCHO
1114,1900,VIRU,LA LIBERTAD
1115,1900,YAUYOS,LIMA
1116,1900,YUNGAY,ANCASH
1117,1900,CONDORCANQUI,AMAZONAS
1118,2100,ABANCAY,APURIMAC
1119,2100,ACOBAMBA,HUANCAVELICA
1120,2100,AIJA,ANCASH
1121,2100,ALTO AMAZONAS,LORETO
1122,2100,AMBO,HUANUCO
1123,2100,ANDAHUAYLAS,APURIMAC
1124,2100,ANGARAES,HUANCAVELICA
1125,2100,ANTA,CUSCO
1126,2100,ANTONIO RAYMONDI,ANCASH
1127,2100,AREQUIPA,AREQUIPA
1128,2100,ASCOPE,LA LIBERTAD
1129,2100,ATALAYA,UCAYALI
1130,2100,AYABACA,PIURA
1131,2100,AYMARAES,APURIMAC
1132,2100,BAGUA,AMAZONAS
1133,2100,BARRANCA,LIMA
1134,2100,BELLAVISTA,SAN MARTIN
1135,2100,BOLIVAR,LA LIBERTAD
1136,2100,BOLOGNESI,ANCASH
1137,2100,BONGARA,AMAZONAS
1138,2100,CAJABAMBA,CAJAMARCA
1139,2100,CAJAMARCA,CAJAMARCA
1140,2100,CAJATAMBO,LIMA
1141,2100,CALCA,CUSCO
1142,2100,CAMANA,AREQUIPA
1143,2100,CANDARAVE,TACNA
1144,2100,CANTA,LIMA
1145,2100,CAÑETE,LIMA
1146,2100,CARABAYA,PUNO
1147,2100,CARAVELI,AREQUIPA
1148,2100,CARLOS FERMIN FITZCARRALD,ANCASH
1149,2100,CASMA,ANCASH
1150,2100,CASTILLA,AREQUIPA
1151,2100,CASTROVIRREYNA,HUANCAVELICA
1152,2100,CAYLLOMA,AREQUIPA
1153,2100,CELENDIN,CAJAMARCA
1154,2100,CHACHAPOYAS,AMAZONAS
1155,2100,CHANCHAMAYO,JUNIN
1156,2100,CHICLAYO,LAMBAYEQUE
1157,2100,CHINCHA,ICA
1158,2100,CHINCHEROS,APURIMAC
1159,2100,CHOTA,CAJAMARCA
1160,2100,CHURCAMPA,HUANCAVELICA
1161,2100,CONCEPCION,JUNIN
1162,2100,CONDESUYOS,AREQUIPA
1163,2100,CONTUMAZA,CAJAMARCA
1164,2100,CORONEL PORTILLO,UCAYALI
1165,2100,CORONGO,ANCASH
1166,2100,COTABAMBAS,APURIMAC
1167,2100,CUTERVO,CAJAMARCA
1168,2100,DATEM DEL MARAÑON,LORETO
1169,2100,DOS DE MAYO,HUANUCO
1170,2100,EL DORADO,SAN MARTIN
1171,2100,FERREÑAFE,LAMBAYEQUE
1172,2100,GENERAL SANCHEZ CERRO,MOQUEGUA
1173,2100,GRAN CHIMU,LA LIBERTAD
1174,2100,HUACAYBAMBA,HUANUCO
1175,2100,HUALGAYOC,CAJAMARCA
1176,2100,HUALLAGA,SAN MARTIN
1177,2100,HUAMALIES,HUANUCO
1178,2100,HUAMANGA,AYACUCHO
1179,2100,HUANCABAMBA,PIURA
1180,2100,HUANCAYO,JUNIN
1181,2100,HUANTA,AYACUCHO
1182,2100,HUANUCO,HUANUCO
1183,2100,HUARAL,LIMA
1184,2100,HUARAZ,ANCASH
1185,2100,HUARI,ANCASH
1186,2100,HUARMEY,ANCASH
1187,2100,HUAROCHIRI,LIMA
1188,2100,HUAURA,LIMA
1189,2100,HUAYLAS,ANCASH
1190,2100,HUAYTARA,HUANCAVELICA
1191,2100,ICA,ICA
1192,2100,ISLAY,AREQUIPA
1193,2100,JAEN,CAJAMARCA
1194,2100,JAUJA,JUNIN
1195,2100,JORGE BASADRE,TACNA
1196,2100,JULCAN,LA LIBERTAD
1197,2100,JUNIN,JUNIN
1198,2100,LA CONVENCION,CUSCO
1199,2100,LA MAR,AYACUCHO
1200,2100,LA UNION,AREQUIPA
1201,2100,LAMAS,SAN MARTIN
1202,2100,LAMBAYEQUE,LAMBAYEQUE
1203,2100,LEONCIO PRADO,HUANUCO
1204,2100,LIMA,LIMA
1205,2100,LUCANAS,AYACUCHO
1206,2100,LUYA,AMAZONAS
1207,2100,MANU,MADRE DE DIOS
1208,2100,MARAÑON,HUANUCO
1209,2100,MARISCAL CACERES,SAN MARTIN
1210,2100,MARISCAL LUZURIAGA,ANCASH
1211,2100,MARISCAL NIETO,MOQUEGUA
1212,2100,MORROPON,PIURA
1213,2100,MOYOBAMBA,SAN MARTIN
1214,2100,NAZCA,ICA
1215,2100,OCROS,ANCASH
1216,2100,OTUZCO,LA LIBERTAD
1217,2100,OXAPAMPA,PASCO
1218,2100,OYON,LIMA
1219,2100,PACASMAYO,LA LIBERTAD
1220,2100,PACHITEA,HUANUCO
1221,2100,PADRE ABAD,UCAYALI
1222,2100,PALLASCA,ANCASH
1223,2100,PALPA,ICA
1224,2100,PARINACOCHAS,AYACUCHO
1225,2100,PASCO,PASCO
1226,2100,PATAZ,LA LIBERTAD
1227,2100,PAUCAR DEL SARA SARA,AYACUCHO
1228,2100,PAUCARTAMBO,CUSCO
1229,2100,PISCO,ICA
1230,2100,POMABAMBA,ANCASH
1231,2100,PUERTO INCA,HUANUCO
1232,2100,QUISPICANCHI,CUSCO
1233,2100,RECUAY,ANCASH
1234,2100,RIOJA,SAN MARTIN
1235,2100,RODRIGUEZ DE MENDOZA,AMAZONAS
1236,2100,SAN ANTONIO DE PUTINA,PUNO
1237,2100,SAN IGNACIO,CAJAMARCA
1238,2100,SAN MARCOS,CAJAMARCA
1239,2100,SAN MIGUEL,CAJAMARCA
1240,2100,SAN PABLO,CAJAMARCA
1241,2100,SANCHEZ CARRION,LA LIBERTAD
1242,2100,SANDIA,PUNO
1243,2100,SANTA,ANCASH
1244,2100,SANTA CRUZ,CAJAMARCA
1245,2100,SANTIAGO DE CHUCO,LA LIBERTAD
1246,2100,SATIPO,JUNIN
1247,2100,SIHUAS,ANCASH
1248,2100,SUCRE,AYACUCHO
1249,2100,TACNA,TACNA
1250,2100,TARATA,TACNA
1251,2100,TARMA,JUNIN
1252,2100,TAYACAJA,HUANCAVELICA
1253,2100,TOCACHE,SAN MARTIN
1254,2100,TRUJILLO,LA LIBERTAD
1255,2100,UCAYALI,LORETO
1256,2100,URUBAMBA,CUSCO
1257,2100,UTCUBAMBA,AMAZONAS
1258,2100,VILCAS HUAMAN,AYACUCHO
1259,2100,VIRU,LA LIBERTAD
1260,2100,YAUYOS,LIMA
1261,2100,YUNGAY,ANCASH
1262,2100,CONDORCANQUI,AMAZONAS
1263,2300,ABANCAY,APURIMAC
1264,2300,ACOBAMBA,HUANCAVELICA
1265,2300,AIJA,ANCASH
1266,2300,ALTO AMAZONAS,LORETO
1267,2300,AMBO,HUANUCO
1268,2300,ANDAHUAYLAS,APURIMAC
1269,2300,ANGARAES,HUANCAVELICA
1270,2300,ANTA,CUSCO
1271,2300,ANTONIO RAYMONDI,ANCASH
1272,2300,AREQUIPA,AREQUIPA
1273,2300,ASCOPE,LA LIBERTAD
1274,2300,AYABACA,PIURA
1275,2300,AYMARAES,APURIMAC
1276,2300,BAGUA,AMAZONAS
1277,2300,BARRANCA,LIMA
1278,2300,BELLAVISTA,SAN MARTIN
1279,2300,BOLIVAR,LA LIBERTAD
1280,2300,BOLOGNESI,ANCASH
1281,2300,BONGARA,AMAZONAS
1282,2300,CAJABAMBA,CAJAMARCA
1283,2300,CAJAMARCA,CAJAMARCA
1284,2300,CAJATAMBO,LIMA
1285,2300,CALCA,CUSCO
1286,2300,CAMANA,AREQUIPA
1287,2300,CANDARAVE,TACNA
1288,2300,CANTA,LIMA
1289,2300,CAÑETE,LIMA
1290,2300,CARABAYA,PUNO
1291,2300,CARAVELI,AREQUIPA
1292,2300,CARLOS FERMIN FITZCARRALD,ANCASH
1293,2300,CASMA,ANCASH
1294,2300,CASTILLA,AREQUIPA
1295,2300,CASTROVIRREYNA,HUANCAVELICA
1296,2300,CAYLLOMA,AREQUIPA
1297,2300,CELENDIN,CAJAMARCA
1298,2300,CHACHAPOYAS,AMAZONAS
1299,2300,CHANCHAMAYO,JUNIN
1300,2300,CHICLAYO,LAMBAYEQUE
1301,2300,CHINCHA,ICA
1302,2300,CHINCHEROS,APURIMAC
1303,2300,CHOTA,CAJAMARCA
1304,2300,CHURCAMPA,HUANCAVELICA
1305,2300,CONCEPCION,JUNIN
1306,2300,CONDESUYOS,AREQUIPA
1307,2300,CONTUMAZA,CAJAMARCA
1308,2300,CORONGO,ANCASH
1309,2300,COTABAMBAS,APURIMAC
1310,2300,CUTERVO,CAJAMARCA
1311,2300,DANIEL ALCIDES CARRION,PASCO
1312,2300,DOS DE MAYO,HUANUCO
1313,2300,FERREÑAFE,LAMBAYEQUE
1314,2300,GENERAL SANCHEZ CERRO,MOQUEGUA
1315,2300,GRAN CHIMU,LA LIBERTAD
1316,2300,GRAU,APURIMAC
1317,2300,HUACAYBAMBA,HUANUCO
1318,2300,HUALGAYOC,CAJAMARCA
1319,2300,HUALLAGA,SAN MARTIN
1320,2300,HUAMALIES,HUANUCO
1321,2300,HUAMANGA,AYACUCHO
1322,2300,HUANCABAMBA,PIURA
1323,2300,HUANCAYO,JUNIN
1324,2300,HUANTA,AYACUCHO
1325,2300,HUANUCO,HUANUCO
1326,2300,HUARAL,LIMA
1327,2300,HUARAZ,ANCASH
1328,2300,HUARI,ANCASH
1329,2300,HUARMEY,ANCASH
1330,2300,HUAROCHIRI,LIMA
1331,2300,HUAURA,LIMA
1332,2300,HUAYLAS,ANCASH
1333,2300,HUAYTARA,HUANCAVELICA
1334,2300,ICA,ICA
1335,2300,ISLAY,AREQUIPA
1336,2300,JAEN,CAJAMARCA
1337,2300,JAUJA,JUNIN
1338,2300,JORGE BASADRE,TACNA
1339,2300,JULCAN,LA LIBERTAD
1340,2300,JUNIN,JUNIN
1341,2300,LA CONVENCION,CUSCO
1342,2300,LA MAR,AYACUCHO
1343,2300,LA UNION,AREQUIPA
1344,2300,LAMBAYEQUE,LAMBAYEQUE
1345,2300,LEONCIO PRADO,HUANUCO
1346,2300,LIMA,LIMA
1347,2300,LUCANAS,AYACUCHO
1348,2300,LUYA,AMAZONAS
1349,2300,MANU,MADRE DE DIOS
1350,2300,MARAÑON,HUANUCO
1351,2300,MARISCAL CACERES,SAN MARTIN
1352,2300,MARISCAL LUZURIAGA,ANCASH
1353,2300,MARISCAL NIETO,MOQUEGUA
1354,2300,MORROPON,PIURA
1355,2300,MOYOBAMBA,SAN MARTIN
1356,2300,NAZCA,ICA
1357,2300,OCROS,ANCASH
1358,2300,OTUZCO,LA LIBERTAD
1359,2300,OXAPAMPA,PASCO
1360,2300,OYON,LIMA
1361,2300,PACASMAYO,LA LIBERTAD
1362,2300,PACHITEA,HUANUCO
1363,2300,PADRE ABAD,UCAYALI
1364,2300,PALLASCA,ANCASH
1365,2300,PALPA,ICA
1366,2300,PARINACOCHAS,AYACUCHO
1367,2300,PARURO,CUSCO
1368,2300,PASCO,PASCO
1369,2300,PATAZ,LA LIBERTAD
1370,2300,PAUCAR DEL SARA SARA,AYACUCHO
1371,2300,PAUCARTAMBO,CUSCO
1372,2300,PISCO,ICA
1373,2300,POMABAMBA,ANCASH
1374,2300,PUERTO INCA,HUANUCO
1375,2300,QUISPICANCHI,CUSCO
1376,2300,RECUAY,ANCASH
1377,2300,RIOJA,SAN MARTIN
1378,2300,RODRIGUEZ DE MENDOZA,AMAZONAS
1379,2300,SAN ANTONIO DE PUTINA,PUNO
1380,2300,SAN IGNACIO,CAJAMARCA
1381,2300,SAN MARCOS,CAJAMARCA
1382,2300,SAN MIGUEL,CAJAMARCA
1383,2300,SAN PABLO,CAJAMARCA
1384,2300,SANCHEZ CARRION,LA LIBERTAD
1385,2300,SANDIA,PUNO
1386,2300,SANTA,ANCASH
1387,2300,SANTA CRUZ,CAJAMARCA
1388,2300,SANTIAGO DE CHUCO,LA LIBERTAD
1389,2300,SATIPO,JUNIN
1390,2300,SIHUAS,ANCASH
1391,2300,SUCRE,AYACUCHO
1392,2300,TACNA,TACNA
1393,2300,TARATA,TACNA
1394,2300,TARMA,JUNIN
1395,2300,TAYACAJA,HUANCAVELICA
1396,2300,TOCACHE,SAN MARTIN
1397,2300,TRUJILLO,LA LIBERTAD
1398,2300,UCAYALI,LORETO
1399,2300,URUBAMBA,CUSCO
1400,2300,UTCUBAMBA,AMAZONAS
1401,2300,VICTOR FAFARDO,AYACUCHO
1402,2300,VICTOR FAJARDO,AYACUCHO
1403,2300,VILCAS HUAMAN,AYACUCHO
1404,2300,VIRU,LA LIBERTAD
1405,2300,YAUYOS,LIMA
1406,2300,YUNGAY,ANCASH
1407,2300,CONDORCANQUI,AMAZONAS
1408,2500,ABANCAY,APURIMAC
1409,2500,ACOBAMBA,HUANCAVELICA
1410,2500,AIJA,ANCASH
1411,2500,AMBO,HUANUCO
1412,2500,ANDAHUAYLAS,APURIMAC
1413,2500,ANGARAES,HUANCAVELICA
1414,2500,ANTA,CUSCO
1415,2500,ANTONIO RAYMONDI,ANCASH
1416,2500,AREQUIPA,AREQUIPA
1417,2500,ASCOPE,LA LIBERTAD
1418,2500,AYABACA,PIURA
1419,2500,AYMARAES,APURIMAC
1420,2500,BAGUA,AMAZONAS
1421,2500,BARRANCA,LIMA
1422,2500,BOLIVAR,LA LIBERTAD
1423,2500,BOLOGNESI,ANCASH
1424,2500,BONGARA,AMAZONAS
1425,2500,CAJABAMBA,CAJAMARCA
1426,2500,CAJAMARCA,CAJAMARCA
1427,2500,CAJATAMBO,LIMA
1428,2500,CALCA,CUSCO
1429,2500,CAMANA,AREQUIPA
1430,2500,CANDARAVE,TACNA
1431,2500,CANGALLO,AYACUCHO
1432,2500,CANTA,LIMA
1433,2500,CAÑETE,LIMA
1434,2500,CARABAYA,PUNO
1435,2500,CARAVELI,AREQUIPA
1436,2500,CARHUAZ,ANCASH
1437,2500,CARLOS FERMIN FITZCARRALD,ANCASH
1438,2500,CASMA,ANCASH
1439,2500,CASTILLA,AREQUIPA
1440,2500,CASTROVIRREYNA,HUANCAVELICA
1441,2500,CAYLLOMA,AREQUIPA
1442,2500,CELENDIN,CAJAMARCA
1443,2500,CHACHAPOYAS,AMAZONAS
1444,2500,CHANCHAMAYO,JUNIN
1445,2500,CHICLAYO,LAMBAYEQUE
1446,2500,CHINCHA,ICA
1447,2500,CHINCHEROS,APURIMAC
1448,2500,CHOTA,CAJAMARCA
1449,2500,CHURCAMPA,HUANCAVELICA
1450,2500,CONCEPCION,JUNIN
1451,2500,CONDESUYOS,AREQUIPA
1452,2500,CONTUMAZA,CAJAMARCA
1453,2500,CORONGO,ANCASH
1454,2500,COTABAMBAS,APURIMAC
1455,2500,CUTERVO,CAJAMARCA
1456,2500,DANIEL ALCIDES CARRION,PASCO
1457,2500,DOS DE MAYO,HUANUCO
1458,2500,FERREÑAFE,LAMBAYEQUE
1459,2500,GENERAL SANCHEZ CERRO,MOQUEGUA
1460,2500,GRAN CHIMU,LA LIBERTAD
1461,2500,GRAU,APURIMAC
1462,2500,HUACAYBAMBA,HUANUCO
1463,2500,HUALGAYOC,CAJAMARCA
1464,2500,HUALLAGA,SAN MARTIN
1465,2500,HUAMALIES,HUANUCO
1466,2500,HUAMANGA,AYACUCHO
1467,2500,HUANCABAMBA,PIURA
1468,2500,HUANCAVELICA,HUANCAVELICA
1469,2500,HUANCAYO,JUNIN
1470,2500,HUANTA,AYACUCHO
1471,2500,HUANUCO,HUANUCO
1472,2500,HUARAL,LIMA
1473,2500,HUARAZ,ANCASH
1474,2500,HUARI,ANCASH
1475,2500,HUARMEY,ANCASH
1476,2500,HUAROCHIRI,LIMA
1477,2500,HUAURA,LIMA
1478,2500,HUAYLAS,ANCASH
1479,2500,HUAYTARA,HUANCAVELICA
1480,2500,ICA,ICA
1481,2500,ISLAY,AREQUIPA
1482,2500,JAEN,CAJAMARCA
1483,2500,JAUJA,JUNIN
1484,2500,JORGE BASADRE,TACNA
1485,2500,JULCAN,LA LIBERTAD
1486,2500,JUNIN,JUNIN
1487,2500,LA CONVENCION,CUSCO
1488,2500,LA MAR,AYACUCHO
1489,2500,LA UNION,AREQUIPA
1490,2500,LAMBAYEQUE,LAMBAYEQUE
1491,2500,LEONCIO PRADO,HUANUCO
1492,2500,LIMA,LIMA
1493,2500,LUCANAS,AYACUCHO
1494,2500,LUYA,AMAZONAS
1495,2500,MANU,MADRE DE DIOS
1496,2500,MARAÑON,HUANUCO
1497,2500,MARISCAL CACERES,SAN MARTIN
1498,2500,MARISCAL LUZURIAGA,ANCASH
1499,2500,MARISCAL NIETO,MOQUEGUA
1500,2500,MORROPON,PIURA
1501,2500,MOYOBAMBA,SAN MARTIN
1502,2500,NAZCA,ICA
1503,2500,OCROS,ANCASH
1504,2500,OTUZCO,LA LIBERTAD
1505,2500,OXAPAMPA,PASCO
1506,2500,OYON,LIMA
1507,2500,PACHITEA,HUANUCO
1508,2500,PALLASCA,ANCASH
1509,2500,PALPA,ICA
1510,2500,PARINACOCHAS,AYACUCHO
1511,2500,PARURO,CUSCO
1512,2500,PASCO,PASCO
1513,2500,PATAZ,LA LIBERTAD
1514,2500,PAUCAR DEL SARA SARA,AYACUCHO
1515,2500,PAUCARTAMBO,CUSCO
1516,2500,PISCO,ICA
1517,2500,POMABAMBA,ANCASH
1518,2500,PUERTO INCA,HUANUCO
1519,2500,QUISPICANCHI,CUSCO
1520,2500,RECUAY,ANCASH
1521,2500,RIOJA,SAN MARTIN
1522,2500,RODRIGUEZ DE MENDOZA,AMAZONAS
1523,2500,SAN ANTONIO DE PUTINA,PUNO
1524,2500,SAN IGNACIO,CAJAMARCA
1525,2500,SAN MARCOS,CAJAMARCA
1526,2500,SAN MIGUEL,CAJAMARCA
1527,2500,SAN PABLO,CAJAMARCA
1528,2500,SANCHEZ CARRION,LA LIBERTAD
1529,2500,SANDIA,PUNO
1530,2500,SANTA,ANCASH
1531,2500,SANTA CRUZ,CAJAMARCA
1532,2500,SANTIAGO DE CHUCO,LA LIBERTAD
1533,2500,SATIPO,JUNIN
1534,2500,SIHUAS,ANCASH
1535,2500,SUCRE,AYACUCHO
1536,2500,TACNA,TACNA
1537,2500,TARATA,TACNA
1538,2500,TARMA,JUNIN
1539,2500,TAYACAJA,HUANCAVELICA
1540,2500,TOCACHE,SAN MARTIN
1541,2500,TRUJILLO,LA LIBERTAD
1542,2500,URUBAMBA,CUSCO
1543,2500,UTCUBAMBA,AMAZONAS
1544,2500,VICTOR FAFARDO,AYACUCHO
1545,2500,VICTOR FAJARDO,AYACUCHO
1546,2500,VILCAS HUAMAN,AYACUCHO
1547,2500,VIRU,LA LIBERTAD
1548,2500,YAUYOS,LIMA
1549,2500,YUNGAY,ANCASH
1550,2500,CONDORCANQUI,AMAZONAS
1551,2700,ABANCAY,APURIMAC
1552,2700,ACOBAMBA,HUANCAVELICA
1553,2700,ACOMAYO,CUSCO
1554,2700,AIJA,ANCASH
1555,2700,AMBO,HUANUCO
1556,2700,ANDAHUAYLAS,APURIMAC
1557,2700,ANGARAES,HUANCAVELICA
1558,2700,ANTA,CUSCO
1559,2700,ANTABAMBA,APURIMAC
1560,2700,ANTONIO RAYMONDI,ANCASH
1561,2700,AREQUIPA,AREQUIPA
1562,2700,ASUNCION,ANCASH
1563,2700,AYABACA,PIURA
1564,2700,AYMARAES,APURIMAC
1565,2700,BAGUA,AMAZONAS
1566,2700,BARRANCA,LIMA
1567,2700,BOLIVAR,LA LIBERTAD
1568,2700,BOLOGNESI,ANCASH
1569,2700,BONGARA,AMAZONAS
1570,2700,CAJABAMBA,CAJAMARCA
1571,2700,CAJAMARCA,CAJAMARCA
1572,2700,CAJATAMBO,LIMA
1573,2700,CALCA,CUSCO
1574,2700,CANDARAVE,TACNA
1575,2700,CANGALLO,AYACUCHO
1576,2700,CANTA,LIMA
1577,2700,CAÑETE,LIMA
1578,2700,CARABAYA,PUNO
1579,2700,CARAVELI,AREQUIPA
1580,2700,CARHUAZ,ANCASH
1581,2700,CARLOS FERMIN FITZCARRALD,ANCASH
1582,2700,CASMA,ANCASH
1583,2700,CASTILLA,AREQUIPA
1584,2700,CASTROVIRREYNA,HUANCAVELICA
1585,2700,CAYLLOMA,AREQUIPA
1586,2700,CELENDIN,CAJAMARCA
1587,2700,CHACHAPOYAS,AMAZONAS
1588,2700,CHANCHAMAYO,JUNIN
1589,2700,CHINCHA,ICA
1590,2700,CHINCHEROS,APURIMAC
1591,2700,CHOTA,CAJAMARCA
1592,2700,CHUMBIVILCAS,CUSCO
1593,2700,CHURCAMPA,HUANCAVELICA
1594,2700,CONCEPCION,JUNIN
1595,2700,CONDESUYOS,AREQUIPA
1596,2700,CONTUMAZA,CAJAMARCA
1597,2700,CORONGO,ANCASH
1598,2700,COTABAMBAS,APURIMAC
1599,2700,CUTERVO,CAJAMARCA
1600,2700,DANIEL ALCIDES CARRION,PASCO
1601,2700,DOS DE MAYO,HUANUCO
1602,2700,FERREÑAFE,LAMBAYEQUE
1603,2700,GENERAL SANCHEZ CERRO,MOQUEGUA
1604,2700,GRAN CHIMU,LA LIBERTAD
1605,2700,GRAU,APURIMAC
1606,2700,HUACAYBAMBA,HUANUCO
1607,2700,HUALGAYOC,CAJAMARCA
1608,2700,HUALLAGA,SAN MARTIN
1609,2700,HUAMALIES,HUANUCO
1610,2700,HUAMANGA,AYACUCHO
1611,2700,HUANCABAMBA,PIURA
1612,2700,HUANCAVELICA,HUANCAVELICA
1613,2700,HUANCAYO,JUNIN
1614,2700,HUANTA,AYACUCHO
1615,2700,HUANUCO,HUANUCO
1616,2700,HUARAL,LIMA
1617,2700,HUARAZ,ANCASH
1618,2700,HUARI,ANCASH
1619,2700,HUARMEY,ANCASH
1620,2700,HUAROCHIRI,LIMA
1621,2700,HUAURA,LIMA
1622,2700,HUAYLAS,ANCASH
1623,2700,HUAYTARA,HUANCAVELICA
1624,2700,ICA,ICA
1625,2700,ISLAY,AREQUIPA
1626,2700,JAEN,CAJAMARCA
1627,2700,JAUJA,JUNIN
1628,2700,JORGE BASADRE,TACNA
1629,2700,JULCAN,LA LIBERTAD
1630,2700,JUNIN,JUNIN
1631,2700,LA CONVENCION,CUSCO
1632,2700,LA MAR,AYACUCHO
1633,2700,LA UNION,AREQUIPA
1634,2700,LAMBAYEQUE,LAMBAYEQUE
1635,2700,LEONCIO PRADO,HUANUCO
1636,2700,LIMA,LIMA
1637,2700,LUCANAS,AYACUCHO
1638,2700,LUYA,AMAZONAS
1639,2700,MANU,MADRE DE DIOS
1640,2700,MARAÑON,HUANUCO
1641,2700,MARISCAL CACERES,SAN MARTIN
1642,2700,MARISCAL LUZURIAGA,ANCASH
1643,2700,MARISCAL NIETO,MOQUEGUA
1644,2700,MORROPON,PIURA
1645,2700,NAZCA,ICA
1646,2700,OCROS,ANCASH
1647,2700,OTUZCO,LA LIBERTAD
1648,2700,OXAPAMPA,PASCO
1649,2700,OYON,LIMA
1650,2700,PACHITEA,HUANUCO
1651,2700,PALLASCA,ANCASH
1652,2700,PALPA,ICA
1653,2700,PARINACOCHAS,AYACUCHO
1654,2700,PARURO,CUSCO
1655,2700,PASCO,PASCO
1656,2700,PATAZ,LA LIBERTAD
1657,2700,PAUCAR DEL SARA SARA,AYACUCHO
1658,2700,PAUCARTAMBO,CUSCO
1659,2700,PISCO,ICA
1660,2700,POMABAMBA,ANCASH
1661,2700,PUERTO INCA,HUANUCO
1662,2700,QUISPICANCHI,CUSCO
1663,2700,RECUAY,ANCASH
1664,2700,RIOJA,SAN MARTIN
1665,2700,RODRIGUEZ DE MENDOZA,AMAZONAS
1666,2700,SAN ANTONIO DE PUTINA,PUNO
1667,2700,SAN IGNACIO,CAJAMARCA
1668,2700,SAN MARCOS,CAJAMARCA
1669,2700,SAN MIGUEL,CAJAMARCA
1670,2700,SAN PABLO,CAJAMARCA
1671,2700,SANCHEZ CARRION,LA LIBERTAD
1672,2700,SANDIA,PUNO
1673,2700,SANTA,ANCASH
1674,2700,SANTA CRUZ,CAJAMARCA
1675,2700,SANTIAGO DE CHUCO,LA LIBERTAD
1676,2700,SATIPO,JUNIN
1677,2700,SIHUAS,ANCASH
1678,2700,SUCRE,AYACUCHO
1679,2700,TACNA,TACNA
1680,2700,TARATA,TACNA
1681,2700,TARMA,JUNIN
1682,2700,TAYACAJA,HUANCAVELICA
1683,2700,TOCACHE,SAN MARTIN
1684,2700,TRUJILLO,LA LIBERTAD
1685,2700,URUBAMBA,CUSCO
1686,2700,UTCUBAMBA,AMAZONAS
1687,2700,VICTOR FAFARDO,AYACUCHO
1688,2700,VICTOR FAJARDO,AYACUCHO
1689,2700,VILCAS HUAMAN,AYACUCHO
1690,2700,VIRU,LA LIBERTAD
1691,2700,YAUYOS,LIMA
1692,2700,YUNGAY,ANCASH
1693,2700,CONDORCANQUI,AMAZONAS
1694,2900,ABANCAY,APURIMAC
1695,2900,ACOBAMBA,HUANCAVELICA
1696,2900,ACOMAYO,CUSCO
1697,2900,AIJA,ANCASH
1698,2900,AMBO,HUANUCO
1699,2900,ANDAHUAYLAS,APURIMAC
1700,2900,ANGARAES,HUANCAVELICA
1701,2900,ANTA,CUSCO
1702,2900,ANTABAMBA,APURIMAC
1703,2900,ANTONIO RAYMONDI,ANCASH
1704,2900,AREQUIPA,AREQUIPA
1705,2900,ASUNCION,ANCASH
1706,2900,AYABACA,PIURA
1707,2900,AYMARAES,APURIMAC
1708,2900,BAGUA,AMAZONAS
1709,2900,BOLIVAR,LA LIBERTAD
1710,2900,BOLOGNESI,ANCASH
1711,2900,BONGARA,AMAZONAS
1712,2900,CAJABAMBA,CAJAMARCA
1713,2900,CAJAMARCA,CAJAMARCA
1714,2900,CAJATAMBO,LIMA
1715,2900,CALCA,CUSCO
1716,2900,CANDARAVE,TACNA
1717,2900,CANGALLO,AYACUCHO
1718,2900,CANTA,LIMA
1719,2900,CAÑETE,LIMA
1720,2900,CARABAYA,PUNO
1721,2900,CARAVELI,AREQUIPA
1722,2900,CARHUAZ,ANCASH
1723,2900,CARLOS FERMIN FITZCARRALD,ANCASH
1724,2900,CASMA,ANCASH
1725,2900,CASTILLA,AREQUIPA
1726,2900,CASTROVIRREYNA,HUANCAVELICA
1727,2900,CAYLLOMA,AREQUIPA
1728,2900,CELENDIN,CAJAMARCA
1729,2900,CHACHAPOYAS,AMAZONAS
1730,2900,CHANCHAMAYO,JUNIN
1731,2900,CHINCHA,ICA
1732,2900,CHINCHEROS,APURIMAC
1733,2900,CHOTA,CAJAMARCA
1734,2900,CHUMBIVILCAS,CUSCO
1735,2900,CHURCAMPA,HUANCAVELICA
1736,2900,CONCEPCION,JUNIN
1737,2900,CONDESUYOS,AREQUIPA
1738,2900,CONTUMAZA,CAJAMARCA
1739,2900,CORONGO,ANCASH
1740,2900,COTABAMBAS,APURIMAC
1741,2900,CUTERVO,CAJAMARCA
1742,2900,DANIEL ALCIDES CARRION,PASCO
1743,2900,DOS DE MAYO,HUANUCO
1744,2900,FERREÑAFE,LAMBAYEQUE
1745,2900,GENERAL SANCHEZ CERRO,MOQUEGUA
1746,2900,GRAN CHIMU,LA LIBERTAD
1747,2900,GRAU,APURIMAC
1748,2900,HUACAYBAMBA,HUANUCO
1749,2900,HUALGAYOC,CAJAMARCA
1750,2900,HUALLAGA,SAN MARTIN
1751,2900,HUAMALIES,HUANUCO
1752,2900,HUAMANGA,AYACUCHO
1753,2900,HUANCA SANCOS,AYACUCHO
1754,2900,HUANCABAMBA,PIURA
1755,2900,HUANCAVELICA,HUANCAVELICA
1756,2900,HUANCAYO,JUNIN
1757,2900,HUANTA,AYACUCHO
1758,2900,HUANUCO,HUANUCO
1759,2900,HUARAL,LIMA
1760,2900,HUARAZ,ANCASH
1761,2900,HUARI,ANCASH
1762,2900,HUARMEY,ANCASH
1763,2900,HUAROCHIRI,LIMA
1764,2900,HUAURA,LIMA
1765,2900,HUAYLAS,ANCASH
1766,2900,HUAYTARA,HUANCAVELICA
1767,2900,ICA,ICA
1768,2900,ISLAY,AREQUIPA
1769,2900,JAEN,CAJAMARCA
1770,2900,JAUJA,JUNIN
1771,2900,JORGE BASADRE,TACNA
1772,2900,JULCAN,LA LIBERTAD
1773,2900,JUNIN,JUNIN
1774,2900,LA CONVENCION,CUSCO
1775,2900,LA MAR,AYACUCHO
1776,2900,LA UNION,AREQUIPA
1777,2900,LAMBAYEQUE,LAMBAYEQUE
1778,2900,LEONCIO PRADO,HUANUCO
1779,2900,LUCANAS,AYACUCHO
1780,2900,LUYA,AMAZONAS
1781,2900,MANU,MADRE DE DIOS
1782,2900,MARAÑON,HUANUCO
1783,2900,MARISCAL CACERES,SAN MARTIN
1784,2900,MARISCAL LUZURIAGA,ANCASH
1785,2900,MARISCAL NIETO,MOQUEGUA
1786,2900,MORROPON,PIURA
1787,2900,NAZCA,ICA
1788,2900,OCROS,ANCASH
1789,2900,OTUZCO,LA LIBERTAD
1790,2900,OXAPAMPA,PASCO
1791,2900,OYON,LIMA
1792,2900,PACHITEA,HUANUCO
1793,2900,PALLASCA,ANCASH
1794,2900,PALPA,ICA
1795,2900,PARINACOCHAS,AYACUCHO
1796,2900,PARURO,CUSCO
1797,2900,PASCO,PASCO
1798,2900,PATAZ,LA LIBERTAD
1799,2900,PAUCAR DEL SARA SARA,AYACUCHO
1800,2900,PAUCARTAMBO,CUSCO
1801,2900,PISCO,ICA
1802,2900,POMABAMBA,ANCASH
1803,2900,PUERTO INCA,HUANUCO
1804,2900,QUISPICANCHI,CUSCO
1805,2900,RECUAY,ANCASH
1806,2900,RIOJA,SAN MARTIN
1807,2900,RODRIGUEZ DE MENDOZA,AMAZONAS
1808,2900,SAN ANTONIO DE PUTINA,PUNO
1809,2900,SAN IGNACIO,CAJAMARCA
1810,2900,SAN MARCOS,CAJAMARCA
1811,2900,SAN MIGUEL,CAJAMARCA
1812,2900,SAN PABLO,CAJAMARCA
1813,2900,SANCHEZ CARRION,LA LIBERTAD
1814,2900,SANDIA,PUNO
1815,2900,SANTA,ANCASH
1816,2900,SANTA CRUZ,CAJAMARCA
1817,2900,SANTIAGO DE CHUCO,LA LIBERTAD
1818,2900,SATIPO,JUNIN
1819,2900,SIHUAS,ANCASH
1820,2900,SUCRE,AYACUCHO
1821,2900,TACNA,TACNA
1822,2900,TARATA,TACNA
1823,2900,TARMA,JUNIN
1824,2900,TAYACAJA,HUANCAVELICA
1825,2900,TOCACHE,SAN MARTIN
1826,2900,TRUJILLO,LA LIBERTAD
1827,2900,URUBAMBA,CUSCO
1828,2900,UTCUBAMBA,AMAZONAS
1829,2900,VICTOR FAFARDO,AYACUCHO
1830,2900,VICTOR FAJARDO,AYACUCHO
1831,2900,VILCAS HUAMAN,AYACUCHO
1832,2900,VIRU,LA LIBERTAD
1833,2900,YAUYOS,LIMA
1834,2900,YUNGAY,ANCASH
1835,3100,ABANCAY,APURIMAC
1836,3100,ACOBAMBA,HUANCAVELICA
1837,3100,ACOMAYO,CUSCO
1838,3100,AIJA,ANCASH
1839,3100,AMBO,HUANUCO
1840,3100,ANDAHUAYLAS,APURIMAC
1841,3100,ANGARAES,HUANCAVELICA
1842,3100,ANTA,CUSCO
1843,3100,ANTABAMBA,APURIMAC
1844,3100,ANTONIO RAYMONDI,ANCASH
1845,3100,AREQUIPA,AREQUIPA
1846,3100,ASUNCION,ANCASH
1847,3100,AYABACA,PIURA
1848,3100,AYMARAES,APURIMAC
1849,3100,BAGUA,AMAZONAS
1850,3100,BOLIVAR,LA LIBERTAD
1851,3100,BOLOGNESI,ANCASH
1852,3100,BONGARA,AMAZONAS
1853,3100,CAJABAMBA,CAJAMARCA
1854,3100,CAJAMARCA,CAJAMARCA
1855,3100,CAJATAMBO,LIMA
1856,3100,CALCA,CUSCO
1857,3100,CANDARAVE,TACNA
1858,3100,CANGALLO,AYACUCHO
1859,3100,CANTA,LIMA
1860,3100,CAÑETE,LIMA
1861,3100,CARABAYA,PUNO
1862,3100,CARAVELI,AREQUIPA
1863,3100,CARHUAZ,ANCASH
1864,3100,CARLOS FERMIN FITZCARRALD,ANCASH
1865,3100,CASMA,ANCASH
1866,3100,CASTILLA,AREQUIPA
1867,3100,CASTROVIRREYNA,HUANCAVELICA
1868,3100,CAYLLOMA,AREQUIPA
1869,3100,CELENDIN,CAJAMARCA
1870,3100,CHACHAPOYAS,AMAZONAS
1871,3100,CHANCHAMAYO,JUNIN
1872,3100,CHINCHA,ICA
1873,3100,CHINCHEROS,APURIMAC
1874,3100,CHOTA,CAJAMARCA
1875,3100,CHUMBIVILCAS,CUSCO
1876,3100,CHUPACA,JUNIN
1877,3100,CHURCAMPA,HUANCAVELICA
1878,3100,CONCEPCION,JUNIN
1879,3100,CONDESUYOS,AREQUIPA
1880,3100,CONTUMAZA,CAJAMARCA
1881,3100,CORONGO,ANCASH
1882,3100,COTABAMBAS,APURIMAC
1883,3100,CUSCO,CUSCO
1884,3100,CUTERVO,CAJAMARCA
1885,3100,DANIEL ALCIDES CARRION,PASCO
1886,3100,DOS DE MAYO,HUANUCO
1887,3100,FERREÑAFE,LAMBAYEQUE
1888,3100,GENERAL SANCHEZ CERRO,MOQUEGUA
1889,3100,GRAN CHIMU,LA LIBERTAD
1890,3100,GRAU,APURIMAC
1891,3100,HUACAYBAMBA,HUANUCO
1892,3100,HUALGAYOC,CAJAMARCA
1893,3100,HUALLAGA,SAN MARTIN
1894,3100,HUAMALIES,HUANUCO
1895,3100,HUAMANGA,AYACUCHO
1896,3100,HUANCA SANCOS,AYACUCHO
1897,3100,HUANCABAMBA,PIURA
1898,3100,HUANCAVELICA,HUANCAVELICA
1899,3100,HUANCAYO,JUNIN
1900,3100,HUANTA,AYACUCHO
1901,3100,HUANUCO,HUANUCO
1902,3100,HUARAL,LIMA
1903,3100,HUARAZ,ANCASH
1904,3100,HUARI,ANCASH
1905,3100,HUARMEY,ANCASH
1906,3100,HUAROCHIRI,LIMA
1907,3100,HUAURA,LIMA
1908,3100,HUAYLAS,ANCASH
1909,3100,HUAYTARA,HUANCAVELICA
1910,3100,ICA,ICA
1911,3100,JAEN,CAJAMARCA
1912,3100,JAUJA,JUNIN
1913,3100,JORGE BASADRE,TACNA
1914,3100,JULCAN,LA LIBERTAD
1915,3100,JUNIN,JUNIN
1916,3100,LA CONVENCION,CUSCO
1917,3100,LA MAR,AYACUCHO
1918,3100,LA UNION,AREQUIPA
1919,3100,LAMBAYEQUE,LAMBAYEQUE
1920,3100,LEONCIO PRADO,HUANUCO
1921,3100,LUCANAS,AYACUCHO
1922,3100,LUYA,AMAZONAS
1923,3100,MANU,MADRE DE DIOS
1924,3100,MARAÑON,HUANUCO
1925,3100,MARISCAL CACERES,SAN MARTIN
1926,3100,MARISCAL LUZURIAGA,ANCASH
1927,3100,MARISCAL NIETO,MOQUEGUA
1928,3100,MORROPON,PIURA
1929,3100,OCROS,ANCASH
1930,3100,OTUZCO,LA LIBERTAD
1931,3100,OXAPAMPA,PASCO
1932,3100,OYON,LIMA
1933,3100,PACHITEA,HUANUCO
1934,3100,PALLASCA,ANCASH
1935,3100,PALPA,ICA
1936,3100,PARINACOCHAS,AYACUCHO
1937,3100,PARURO,CUSCO
1938,3100,PASCO,PASCO
1939,3100,PATAZ,LA LIBERTAD
1940,3100,PAUCAR DEL SARA SARA,AYACUCHO
1941,3100,PAUCARTAMBO,CUSCO
1942,3100,PISCO,ICA
1943,3100,POMABAMBA,ANCASH
1944,3100,PUERTO INCA,HUANUCO
1945,3100,QUISPICANCHI,CUSCO
1946,3100,RECUAY,ANCASH
1947,3100,RIOJA,SAN MARTIN
1948,3100,RODRIGUEZ DE MENDOZA,AMAZONAS
1949,3100,SAN ANTONIO DE PUTINA,PUNO
1950,3100,SAN IGNACIO,CAJAMARCA
1951,3100,SAN MARCOS,CAJAMARCA
1952,3100,SAN MIGUEL,CAJAMARCA
1953,3100,SAN PABLO,CAJAMARCA
1954,3100,SANCHEZ CARRION,LA LIBERTAD
1955,3100,SANDIA,PUNO
1956,3100,SANTA,ANCASH
1957,3100,SANTA CRUZ,CAJAMARCA
1958,3100,SANTIAGO DE CHUCO,LA LIBERTAD
1959,3100,SATIPO,JUNIN
1960,3100,SIHUAS,ANCASH
1961,3100,SUCRE,AYACUCHO
1962,3100,TACNA,TACNA
1963,3100,TARATA,TACNA
1964,3100,TARMA,JUNIN
1965,3100,TAYACAJA,HUANCAVELICA
1966,3100,TOCACHE,SAN MARTIN
1967,3100,TRUJILLO,LA LIBERTAD
1968,3100,URUBAMBA,CUSCO
1969,3100,UTCUBAMBA,AMAZONAS
1970,3100,VICTOR FAFARDO,AYACUCHO
1971,3100,VICTOR FAJARDO,AYACUCHO
1972,3100,VILCAS HUAMAN,AYACUCHO
1973,3100,VIRU,LA LIBERTAD
1974,3100,YAROWILCA,HUANUCO
1975,3100,YAUYOS,LIMA
1976,3100,YUNGAY,ANCASH
1977,3300,ABANCAY,APURIMAC
1978,3300,ACOBAMBA,HUANCAVELICA
1979,3300,ACOMAYO,CUSCO
1980,3300,AIJA,ANCASH
1981,3300,AMBO,HUANUCO
1982,3300,ANDAHUAYLAS,APURIMAC
1983,3300,ANGARAES,HUANCAVELICA
1984,3300,ANTA,CUSCO
1985,3300,ANTABAMBA,APURIMAC
1986,3300,ANTONIO RAYMONDI,ANCASH
1987,3300,AREQUIPA,AREQUIPA
1988,3300,ASUNCION,ANCASH
1989,3300,AYABACA,PIURA
1990,3300,AYMARAES,APURIMAC
1991,3300,BAGUA,AMAZONAS
1992,3300,BOLIVAR,LA LIBERTAD
1993,3300,BOLOGNESI,ANCASH
1994,3300,BONGARA,AMAZONAS
1995,3300,CAJABAMBA,CAJAMARCA
1996,3300,CAJAMARCA,CAJAMARCA
1997,3300,CAJATAMBO,LIMA
1998,3300,CALCA,CUSCO
1999,3300,CANAS,CUSCO
2000,3300,CANCHIS,CUSCO
2001,3300,CANDARAVE,TACNA
2002,3300,CANGALLO,AYACUCHO
2003,3300,CANTA,LIMA
2004,3300,CAÑETE,LIMA
2005,3300,CARABAYA,PUNO
2006,3300,CARAVELI,AREQUIPA
2007,3300,CARHUAZ,ANCASH
2008,3300,CARLOS FERMIN FITZCARRALD,ANCASH
2009,3300,CASMA,ANCASH
2010,3300,CASTILLA,AREQUIPA
2011,3300,CASTROVIRREYNA,HUANCAVELICA
2012,3300,CAYLLOMA,AREQUIPA
2013,3300,CELENDIN,CAJAMARCA
2014,3300,CHACHAPOYAS,AMAZONAS
2015,3300,CHANCHAMAYO,JUNIN
2016,3300,CHINCHA,ICA
2017,3300,CHINCHEROS,APURIMAC
2018,3300,CHOTA,CAJAMARCA
2019,3300,CHUMBIVILCAS,CUSCO
2020,3300,CHUPACA,JUNIN
2021,3300,CHURCAMPA,HUANCAVELICA
2022,3300,CONCEPCION,JUNIN
2023,3300,CONDESUYOS,AREQUIPA
2024,3300,CONTUMAZA,CAJAMARCA
2025,3300,CORONGO,ANCASH
2026,3300,COTABAMBAS,APURIMAC
2027,3300,CUSCO,CUSCO
2028,3300,CUTERVO,CAJAMARCA
2029,3300,DANIEL ALCIDES CARRION,PASCO
2030,3300,DOS DE MAYO,HUANUCO
2031,3300,FERREÑAFE,LAMBAYEQUE
2032,3300,GENERAL SANCHEZ CERRO,MOQUEGUA
2033,3300,GRAN CHIMU,LA LIBERTAD
2034,3300,GRAU,APURIMAC
2035,3300,HUACAYBAMBA,HUANUCO
2036,3300,HUALGAYOC,CAJAMARCA
2037,3300,HUAMALIES,HUANUCO
2038,3300,HUAMANGA,AYACUCHO
2039,3300,HUANCA SANCOS,AYACUCHO
2040,3300,HUANCABAMBA,PIURA
2041,3300,HUANCAVELICA,HUANCAVELICA
2042,3300,HUANCAYO,JUNIN
2043,3300,HUANTA,AYACUCHO
2044,3300,HUANUCO,HUANUCO
2045,3300,HUARAL,LIMA
2046,3300,HUARAZ,ANCASH
2047,3300,HUARI,ANCASH
2048,3300,HUARMEY,ANCASH
2049,3300,HUAROCHIRI,LIMA
2050,3300,HUAURA,LIMA
2051,3300,HUAYLAS,ANCASH
2052,3300,HUAYTARA,HUANCAVELICA
2053,3300,ICA,ICA
2054,3300,JAEN,CAJAMARCA
2055,3300,JAUJA,JUNIN
2056,3300,JORGE BASADRE,TACNA
2057,3300,JULCAN,LA LIBERTAD
2058,3300,JUNIN,JUNIN
2059,3300,LA CONVENCION,CUSCO
2060,3300,LA MAR,AYACUCHO
2061,3300,LA UNION,AREQUIPA
2062,3300,LAMBAYEQUE,LAMBAYEQUE
2063,3300,LAURICOCHA,HUANUCO
2064,3300,LEONCIO PRADO,HUANUCO
2065,3300,LUCANAS,AYACUCHO
2066,3300,LUYA,AMAZONAS
2067,3300,MANU,MADRE DE DIOS
2068,3300,MARAÑON,HUANUCO
2069,3300,MARISCAL CACERES,SAN MARTIN
2070,3300,MARISCAL LUZURIAGA,ANCASH
2071,3300,MARISCAL NIETO,MOQUEGUA
2072,3300,MORROPON,PIURA
2073,3300,OCROS,ANCASH
2074,3300,OTUZCO,LA LIBERTAD
2075,3300,OXAPAMPA,PASCO
2076,3300,OYON,LIMA
2077,3300,PACHITEA,HUANUCO
2078,3300,PALLASCA,ANCASH
2079,3300,PALPA,ICA
2080,3300,PARINACOCHAS,AYACUCHO
2081,3300,PARURO,CUSCO
2082,3300,PASCO,PASCO
2083,3300,PATAZ,LA LIBERTAD
2084,3300,PAUCAR DEL SARA SARA,AYACUCHO
2085,3300,PAUCARTAMBO,CUSCO
2086,3300,PISCO,ICA
2087,3300,POMABAMBA,ANCASH
2088,3300,PUERTO INCA,HUANUCO
2089,3300,QUISPICANCHI,CUSCO
2090,3300,RECUAY,ANCASH
2091,3300,RIOJA,SAN MARTIN
2092,3300,RODRIGUEZ DE MENDOZA,AMAZONAS
2093,3300,SAN ANTONIO DE PUTINA,PUNO
2094,3300,SAN IGNACIO,CAJAMARCA
2095,3300,SAN MARCOS,CAJAMARCA
2096,3300,SAN MIGUEL,CAJAMARCA
2097,3300,SAN PABLO,CAJAMARCA
2098,3300,SANCHEZ CARRION,LA LIBERTAD
2099,3300,SANDIA,PUNO
2100,3300,SANTA,ANCASH
2101,3300,SANTA CRUZ,CAJAMARCA
2102,3300,SANTIAGO DE CHUCO,LA LIBERTAD
2103,3300,SATIPO,JUNIN
2104,3300,SIHUAS,ANCASH
2105,3300,SUCRE,AYACUCHO
2106,3300,TACNA,TACNA
2107,3300,TARATA,TACNA
2108,3300,TARMA,JUNIN
2109,3300,TAYACAJA,HUANCAVELICA
2110,3300,TOCACHE,SAN MARTIN
2111,3300,TRUJILLO,LA LIBERTAD
2112,3300,URUBAMBA,CUSCO
2113,3300,UTCUBAMBA,AMAZONAS
2114,3300,VICTOR FAFARDO,AYACUCHO
2115,3300,VICTOR FAJARDO,AYACUCHO
2116,3300,VILCAS HUAMAN,AYACUCHO
2117,3300,VIRU,LA LIBERTAD
2118,3300,YAROWILCA,HUANUCO
2119,3300,YAUYOS,LIMA
2120,3300,YUNGAY,ANCASH
2121,3500,ABANCAY,APURIMAC
2122,3500,ACOBAMBA,HUANCAVELICA
2123,3500,ACOMAYO,CUSCO
2124,3500,AIJA,ANCASH
2125,3500,AMBO,HUANUCO
2126,3500,ANDAHUAYLAS,APURIMAC
2127,3500,ANGARAES,HUANCAVELICA
2128,3500,ANTA,CUSCO
2129,3500,ANTABAMBA,APURIMAC
2130,3500,ANTONIO RAYMONDI,ANCASH
2131,3500,AREQUIPA,AREQUIPA
2132,3500,ASUNCION,ANCASH
2133,3500,AYABACA,PIURA
2134,3500,AYMARAES,APURIMAC
2135,3500,BAGUA,AMAZONAS
2136,3500,BOLIVAR,LA LIBERTAD
2137,3500,BOLOGNESI,ANCASH
2138,3500,BONGARA,AMAZONAS
2139,3500,CAJABAMBA,CAJAMARCA
2140,3500,CAJAMARCA,CAJAMARCA
2141,3500,CAJATAMBO,LIMA
2142,3500,CALCA,CUSCO
2143,3500,CANAS,CUSCO
2144,3500,CANCHIS,CUSCO
2145,3500,CANDARAVE,TACNA
2146,3500,CANGALLO,AYACUCHO
2147,3500,CANTA,LIMA
2148,3500,CAÑETE,LIMA
2149,3500,CARABAYA,PUNO
2150,3500,CARAVELI,AREQUIPA
2151,3500,CARHUAZ,ANCASH
2152,3500,CARLOS FERMIN FITZCARRALD,ANCASH
2153,3500,CASMA,ANCASH
2154,3500,CASTILLA,AREQUIPA
2155,3500,CASTROVIRREYNA,HUANCAVELICA
2156,3500,CAYLLOMA,AREQUIPA
2157,3500,CELENDIN,CAJAMARCA
2158,3500,CHACHAPOYAS,AMAZONAS
2159,3500,CHANCHAMAYO,JUNIN
2160,3500,CHINCHA,ICA
2161,3500,CHINCHEROS,APURIMAC
2162,3500,CHOTA,CAJAMARCA
2163,3500,CHUMBIVILCAS,CUSCO
2164,3500,CHUPACA,JUNIN
2165,3500,CHURCAMPA,HUANCAVELICA
2166,3500,CONCEPCION,JUNIN
2167,3500,CONDESUYOS,AREQUIPA
2168,3500,CONTUMAZA,CAJAMARCA
2169,3500,CORONGO,ANCASH
2170,3500,COTABAMBAS,APURIMAC
2171,3500,CUSCO,CUSCO
2172,3500,CUTERVO,CAJAMARCA
2173,3500,DANIEL ALCIDES CARRION,PASCO
2174,3500,DOS DE MAYO,HUANUCO
2175,3500,FERREÑAFE,LAMBAYEQUE
2176,3500,GENERAL SANCHEZ CERRO,MOQUEGUA
2177,3500,GRAN CHIMU,LA LIBERTAD
2178,3500,GRAU,APURIMAC
2179,3500,HUACAYBAMBA,HUANUCO
2180,3500,HUALGAYOC,CAJAMARCA
2181,3500,HUAMALIES,HUANUCO
2182,3500,HUAMANGA,AYACUCHO
2183,3500,HUANCA SANCOS,AYACUCHO
2184,3500,HUANCABAMBA,PIURA
2185,3500,HUANCAVELICA,HUANCAVELICA
2186,3500,HUANCAYO,JUNIN
2187,3500,HUANTA,AYACUCHO
2188,3500,HUANUCO,HUANUCO
2189,3500,HUARAL,LIMA
2190,3500,HUARAZ,ANCASH
2191,3500,HUARI,ANCASH
2192,3500,HUARMEY,ANCASH
2193,3500,HUAROCHIRI,LIMA
2194,3500,HUAURA,LIMA
2195,3500,HUAYLAS,ANCASH
2196,3500,HUAYTARA,HUANCAVELICA
2197,3500,ICA,ICA
2198,3500,JAEN,CAJAMARCA
2199,3500,JAUJA,JUNIN
2200,3500,JORGE BASADRE,TACNA
2201,3500,JULCAN,LA LIBERTAD
2202,3500,JUNIN,JUNIN
2203,3500,LA CONVENCION,CUSCO
2204,3500,LA MAR,AYACUCHO
2205,3500,LA UNION,AREQUIPA
2206,3500,LAMBAYEQUE,LAMBAYEQUE
2207,3500,LAURICOCHA,HUANUCO
2208,3500,LEONCIO PRADO,HUANUCO
2209,3500,LUCANAS,AYACUCHO
2210,3500,LUYA,AMAZONAS
2211,3500,MANU,MADRE DE DIOS
2212,3500,MARAÑON,HUANUCO
2213,3500,MARISCAL CACERES,SAN MARTIN
2214,3500,MARISCAL LUZURIAGA,ANCASH
2215,3500,MARISCAL NIETO,MOQUEGUA
2216,3500,MORROPON,PIURA
2217,3500,OCROS,ANCASH
2218,3500,OTUZCO,LA LIBERTAD
2219,3500,OXAPAMPA,PASCO
2220,3500,OYON,LIMA
2221,3500,PACHITEA,HUANUCO
2222,3500,PALLASCA,ANCASH
2223,3500,PALPA,ICA
2224,3500,PARINACOCHAS,AYACUCHO
2225,3500,PARURO,CUSCO
2226,3500,PASCO,PASCO
2227,3500,PATAZ,LA LIBERTAD
2228,3500,PAUCAR DEL SARA SARA,AYACUCHO
2229,3500,PAUCARTAMBO,CUSCO
2230,3500,PISCO,ICA
2231,3500,POMABAMBA,ANCASH
2232,3500,PUERTO INCA,HUANUCO
2233,3500,QUISPICANCHI,CUSCO
2234,3500,RECUAY,ANCASH
2235,3500,RIOJA,SAN MARTIN
2236,3500,RODRIGUEZ DE MENDOZA,AMAZONAS
2237,3500,SAN ANTONIO DE PUTINA,PUNO
2238,3500,SAN IGNACIO,CAJAMARCA
2239,3500,SAN MARCOS,CAJAMARCA
2240,3500,SAN MIGUEL,CAJAMARCA
2241,3500,SAN PABLO,CAJAMARCA
2242,3500,SANCHEZ CARRION,LA LIBERTAD
2243,3500,SANDIA,PUNO
2244,3500,SANTA,ANCASH
2245,3500,SANTA CRUZ,CAJAMARCA
2246,3500,SANTIAGO DE CHUCO,LA LIBERTAD
2247,3500,SATIPO,JUNIN
2248,3500,SIHUAS,ANCASH
2249,3500,SUCRE,AYACUCHO
2250,3500,TACNA,TACNA
2251,3500,TARATA,TACNA
2252,3500,TARMA,JUNIN
2253,3500,TAYACAJA,HUANCAVELICA
2254,3500,TOCACHE,SAN MARTIN
2255,3500,TRUJILLO,LA LIBERTAD
2256,3500,URUBAMBA,CUSCO
2257,3500,UTCUBAMBA,AMAZONAS
2258,3500,VICTOR FAFARDO,AYACUCHO
2259,3500,VICTOR FAJARDO,AYACUCHO
2260,3500,VILCAS HUAMAN,AYACUCHO
2261,3500,VIRU,LA LIBERTAD
2262,3500,YAROWILCA,HUANUCO
2263,3500,YAULI,JUNIN
2264,3500,YAUYOS,LIMA
2265,3500,YUNGAY,ANCASH
2266,3700,ABANCAY,APURIMAC
2267,3700,ACOBAMBA,HUANCAVELICA
2268,3700,ACOMAYO,CUSCO
2269,3700,AIJA,ANCASH
2270,3700,AMBO,HUANUCO
2271,3700,ANDAHUAYLAS,APURIMAC
2272,3700,ANGARAES,HUANCAVELICA
2273,3700,ANTA,CUSCO
2274,3700,ANTABAMBA,APURIMAC
2275,3700,ANTONIO RAYMONDI,ANCASH
2276,3700,AREQUIPA,AREQUIPA
2277,3700,ASUNCION,ANCASH
2278,3700,AYABACA,PIURA
2279,3700,AYMARAES,APURIMAC
2280,3700,BOLIVAR,LA LIBERTAD
2281,3700,BOLOGNESI,ANCASH
2282,3700,BONGARA,AMAZONAS
2283,3700,CAJABAMBA,CAJAMARCA
2284,3700,CAJAMARCA,CAJAMARCA
2285,3700,CAJATAMBO,LIMA
2286,3700,CALCA,CUSCO
2287,3700,CANAS,CUSCO
2288,3700,CANCHIS,CUSCO
2289,3700,CANDARAVE,TACNA
2290,3700,CANGALLO,AYACUCHO
2291,3700,CANTA,LIMA
2292,3700,CAÑETE,LIMA
2293,3700,CARABAYA,PUNO
2294,3700,CARAVELI,AREQUIPA
2295,3700,CARHUAZ,ANCASH
2296,3700,CARLOS FERMIN FITZCARRALD,ANCASH
2297,3700,CASMA,ANCASH
2298,3700,CASTILLA,AREQUIPA
2299,3700,CASTROVIRREYNA,HUANCAVELICA
2300,3700,CAYLLOMA,AREQUIPA
2301,3700,CELENDIN,CAJAMARCA
2302,3700,CHACHAPOYAS,AMAZONAS
2303,3700,CHANCHAMAYO,JUNIN
2304,3700,CHINCHA,ICA
2305,3700,CHINCHEROS,APURIMAC
2306,3700,CHOTA,CAJAMARCA
2307,3700,CHUMBIVILCAS,CUSCO
2308,3700,CHUPACA,JUNIN
2309,3700,CHURCAMPA,HUANCAVELICA
2310,3700,CONCEPCION,JUNIN
2311,3700,CONDESUYOS,AREQUIPA
2312,3700,CONTUMAZA,CAJAMARCA
2313,3700,CORONGO,ANCASH
2314,3700,COTABAMBAS,APURIMAC
2315,3700,CUSCO,CUSCO
2316,3700,CUTERVO,CAJAMARCA
2317,3700,DANIEL ALCIDES CARRION,PASCO
2318,3700,DOS DE MAYO,HUANUCO
2319,3700,FERREÑAFE,LAMBAYEQUE
2320,3700,GENERAL SANCHEZ CERRO,MOQUEGUA
2321,3700,GRAN CHIMU,LA LIBERTAD
2322,3700,GRAU,APURIMAC
2323,3700,HUACAYBAMBA,HUANUCO
2324,3700,HUALGAYOC,CAJAMARCA
2325,3700,HUAMALIES,HUANUCO
2326,3700,HUAMANGA,AYACUCHO
2327,3700,HUANCA SANCOS,AYACUCHO
2328,3700,HUANCABAMBA,PIURA
2329,3700,HUANCAVELICA,HUANCAVELICA
2330,3700,HUANCAYO,JUNIN
2331,3700,HUANTA,AYACUCHO
2332,3700,HUANUCO,HUANUCO
2333,3700,HUARAL,LIMA
2334,3700,HUARAZ,ANCASH
2335,3700,HUARI,ANCASH
2336,3700,HUARMEY,ANCASH
2337,3700,HUAROCHIRI,LIMA
2338,3700,HUAURA,LIMA
2339,3700,HUAYLAS,ANCASH
2340,3700,HUAYTARA,HUANCAVELICA
2341,3700,JAEN,CAJAMARCA
2342,3700,JAUJA,JUNIN
2343,3700,JORGE BASADRE,TACNA
2344,3700,JULCAN,LA LIBERTAD
2345,3700,JUNIN,JUNIN
2346,3700,LA CONVENCION,CUSCO
2347,3700,LA MAR,AYACUCHO
2348,3700,LA UNION,AREQUIPA
2349,3700,LAMBAYEQUE,LAMBAYEQUE
2350,3700,LAURICOCHA,HUANUCO
2351,3700,LUCANAS,AYACUCHO
2352,3700,LUYA,AMAZONAS
2353,3700,MANU,MADRE DE DIOS
2354,3700,MARAÑON,HUANUCO
2355,3700,MARISCAL CACERES,SAN MARTIN
2356,3700,MARISCAL LUZURIAGA,ANCASH
2357,3700,MARISCAL NIETO,MOQUEGUA
2358,3700,MORROPON,PIURA
2359,3700,OCROS,ANCASH
2360,3700,OTUZCO,LA LIBERTAD
2361,3700,OXAPAMPA,PASCO
2362,3700,OYON,LIMA
2363,3700,PACHITEA,HUANUCO
2364,3700,PALLASCA,ANCASH
2365,3700,PALPA,ICA
2366,3700,PARINACOCHAS,AYACUCHO
2367,3700,PARURO,CUSCO
2368,3700,PASCO,PASCO
2369,3700,PATAZ,LA LIBERTAD
2370,3700,PAUCAR DEL SARA SARA,AYACUCHO
2371,3700,PAUCARTAMBO,CUSCO
2372,3700,PISCO,ICA
2373,3700,POMABAMBA,ANCASH
2374,3700,PUERTO INCA,HUANUCO
2375,3700,QUISPICANCHI,CUSCO
2376,3700,RECUAY,ANCASH
2377,3700,RIOJA,SAN MARTIN
2378,3700,RODRIGUEZ DE MENDOZA,AMAZONAS
2379,3700,SAN ANTONIO DE PUTINA,PUNO
2380,3700,SAN IGNACIO,CAJAMARCA
2381,3700,SAN MARCOS,CAJAMARCA
2382,3700,SAN MIGUEL,CAJAMARCA
2383,3700,SAN PABLO,CAJAMARCA
2384,3700,SANCHEZ CARRION,LA LIBERTAD
2385,3700,SANDIA,PUNO
2386,3700,SANTA,ANCASH
2387,3700,SANTA CRUZ,CAJAMARCA
2388,3700,SANTIAGO DE CHUCO,LA LIBERTAD
2389,3700,SATIPO,JUNIN
2390,3700,SIHUAS,ANCASH
2391,3700,SUCRE,AYACUCHO
2392,3700,TACNA,TACNA
2393,3700,TARATA,TACNA
2394,3700,TARMA,JUNIN
2395,3700,TAYACAJA,HUANCAVELICA
2396,3700,TOCACHE,SAN MARTIN
2397,3700,TRUJILLO,LA LIBERTAD
2398,3700,URUBAMBA,CUSCO
2399,3700,VICTOR FAFARDO,AYACUCHO
2400,3700,VICTOR FAJARDO,AYACUCHO
2401,3700,VILCAS HUAMAN,AYACUCHO
2402,3700,VIRU,LA LIBERTAD
2403,3700,YAROWILCA,HUANUCO
2404,3700,YAULI,JUNIN
2405,3700,YAUYOS,LIMA
2406,3700,YUNGAY,ANCASH
2407,3900,ABANCAY,APURIMAC
2408,3900,ACOBAMBA,HUANCAVELICA
2409,3900,ACOMAYO,CUSCO
2410,3900,AIJA,ANCASH
2411,3900,AMBO,HUANUCO
2412,3900,ANDAHUAYLAS,APURIMAC
2413,3900,ANGARAES,HUANCAVELICA
2414,3900,ANTA,CUSCO
2415,3900,ANTABAMBA,APURIMAC
2416,3900,ANTONIO RAYMONDI,ANCASH
2417,3900,AREQUIPA,AREQUIPA
2418,3900,ASUNCION,ANCASH
2419,3900,AYABACA,PIURA
2420,3900,AYMARAES,APURIMAC
2421,3900,AZANGARO,PUNO
2422,3900,BOLIVAR,LA LIBERTAD
2423,3900,BOLOGNESI,ANCASH
2424,3900,CAJABAMBA,CAJAMARCA
2425,3900,CAJAMARCA,CAJAMARCA
2426,3900,CAJATAMBO,LIMA
2427,3900,CALCA,CUSCO
2428,3900,CANAS,CUSCO
2429,3900,CANCHIS,CUSCO
2430,3900,CANDARAVE,TACNA
2431,3900,CANGALLO,AYACUCHO
2432,3900,CANTA,LIMA
2433,3900,CARABAYA,PUNO
2434,3900,CARAVELI,AREQUIPA
2435,3900,CARHUAZ,ANCASH
2436,3900,CARLOS FERMIN FITZCARRALD,ANCASH
2437,3900,CASMA,ANCASH
2438,3900,CASTILLA,AREQUIPA
2439,3900,CASTROVIRREYNA,HUANCAVELICA
2440,3900,CAYLLOMA,AREQUIPA
2441,3900,CELENDIN,CAJAMARCA
2442,3900,CHACHAPOYAS,AMAZONAS
2443,3900,CHANCHAMAYO,JUNIN
2444,3900,CHINCHA,ICA
2445,3900,CHINCHEROS,APURIMAC
2446,3900,CHOTA,CAJAMARCA
2447,3900,CHUCUITO,PUNO
2448,3900,CHUMBIVILCAS,CUSCO
2449,3900,CHUPACA,JUNIN
2450,3900,CHURCAMPA,HUANCAVELICA
2451,3900,CONCEPCION,JUNIN
2452,3900,CONDESUYOS,AREQUIPA
2453,3900,CONTUMAZA,CAJAMARCA
2454,3900,CORONGO,ANCASH
2455,3900,COTABAMBAS,APURIMAC
2456,3900,CUSCO,CUSCO
2457,3900,CUTERVO,CAJAMARCA
2458,3900,DANIEL ALCIDES CARRION,PASCO
2459,3900,DOS DE MAYO,HUANUCO
2460,3900,EL COLLAO,PUNO
2461,3900,ESPINAR,CUSCO
2462,3900,FERREÑAFE,LAMBAYEQUE
2463,3900,GENERAL SANCHEZ CERRO,MOQUEGUA
2464,3900,GRAN CHIMU,LA LIBERTAD
2465,3900,GRAU,APURIMAC
2466,3900,HUACAYBAMBA,HUANUCO
2467,3900,HUALGAYOC,CAJAMARCA
2468,3900,HUAMALIES,HUANUCO
2469,3900,HUAMANGA,AYACUCHO
2470,3900,HUANCA SANCOS,AYACUCHO
2471,3900,HUANCABAMBA,PIURA
2472,3900,HUANCANE,PUNO
2473,3900,HUANCAVELICA,HUANCAVELICA
2474,3900,HUANCAYO,JUNIN
2475,3900,HUANTA,AYACUCHO
2476,3900,HUANUCO,HUANUCO
2477,3900,HUARAL,LIMA
2478,3900,HUARAZ,ANCASH
2479,3900,HUARI,ANCASH
2480,3900,HUARMEY,ANCASH
2481,3900,HUAROCHIRI,LIMA
2482,3900,HUAURA,LIMA
2483,3900,HUAYLAS,ANCASH
2484,3900,HUAYTARA,HUANCAVELICA
2485,3900,JAEN,CAJAMARCA
2486,3900,JAUJA,JUNIN
2487,3900,JORGE BASADRE,TACNA
2488,3900,JULCAN,LA LIBERTAD
2489,3900,JUNIN,JUNIN
2490,3900,LA CONVENCION,CUSCO
2491,3900,LA MAR,AYACUCHO
2492,3900,LA UNION,AREQUIPA
2493,3900,LAMBAYEQUE,LAMBAYEQUE
2494,3900,LAMPA,PUNO
2495,3900,LAURICOCHA,HUANUCO
2496,3900,LUCANAS,AYACUCHO
2497,3900,LUYA,AMAZONAS
2498,3900,MANU,MADRE DE DIOS
2499,3900,MARAÑON,HUANUCO
2500,3900,MARISCAL CACERES,SAN MARTIN
2501,3900,MARISCAL LUZURIAGA,ANCASH
2502,3900,MARISCAL NIETO,MOQUEGUA
2503,3900,MELGAR,PUNO
2504,3900,MOHO,PUNO
2505,3900,OCROS,ANCASH
2506,3900,OTUZCO,LA LIBERTAD
2507,3900,OXAPAMPA,PASCO
2508,3900,OYON,LIMA
2509,3900,PACHITEA,HUANUCO
2510,3900,PALLASCA,ANCASH
2511,3900,PARINACOCHAS,AYACUCHO
2512,3900,PARURO,CUSCO
2513,3900,PASCO,PASCO
2514,3900,PATAZ,LA LIBERTAD
2515,3900,PAUCAR DEL SARA SARA,AYACUCHO
2516,3900,PAUCARTAMBO,CUSCO
2517,3900,POMABAMBA,ANCASH
2518,3900,PUERTO INCA,HUANUCO
2519,3900,PUNO,PUNO
2520,3900,QUISPICANCHI,CUSCO
2521,3900,RECUAY,ANCASH
2522,3900,RIOJA,SAN MARTIN
2523,3900,SAN ANTONIO DE PUTINA,PUNO
2524,3900,SAN MARCOS,CAJAMARCA
2525,3900,SAN MIGUEL,CAJAMARCA
2526,3900,SAN PABLO,CAJAMARCA
2527,3900,SAN ROMAN,PUNO
2528,3900,SANCHEZ CARRION,LA LIBERTAD
2529,3900,SANDIA,PUNO
2530,3900,SANTA,ANCASH
2531,3900,SANTA CRUZ,CAJAMARCA
2532,3900,SANTIAGO DE CHUCO,LA LIBERTAD
2533,3900,SATIPO,JUNIN
2534,3900,SIHUAS,ANCASH
2535,3900,SUCRE,AYACUCHO
2536,3900,TACNA,TACNA
2537,3900,TARATA,TACNA
2538,3900,TARMA,JUNIN
2539,3900,TAYACAJA,HUANCAVELICA
2540,3900,TOCACHE,SAN MARTIN
2541,3900,URUBAMBA,CUSCO
2542,3900,VICTOR FAFARDO,AYACUCHO
2543,3900,VICTOR FAJARDO,AYACUCHO
2544,3900,VILCAS HUAMAN,AYACUCHO
2545,3900,VIRU,LA LIBERTAD
2546,3900,YAROWILCA,HUANUCO
2547,3900,YAULI,JUNIN
2548,3900,YAUYOS,LIMA
2549,3900,YUNGAY,ANCASH
2550,3900,YUNGUYO,PUNO
2551,4100,ABANCAY,APURIMAC
2552,4100,ACOBAMBA,HUANCAVELICA
2553,4100,ACOMAYO,CUSCO
2554,4100,AIJA,ANCASH
2555,4100,AMBO,HUANUCO
2556,4100,ANDAHUAYLAS,APURIMAC
2557,4100,ANGARAES,HUANCAVELICA
2558,4100,ANTA,CUSCO
2559,4100,ANTABAMBA,APURIMAC
2560,4100,ANTONIO RAYMONDI,ANCASH
2561,4100,AREQUIPA,AREQUIPA
2562,4100,ASUNCION,ANCASH
2563,4100,AYMARAES,APURIMAC
2564,4100,AZANGARO,PUNO
2565,4100,BOLIVAR,LA LIBERTAD
2566,4100,BOLOGNESI,ANCASH
2567,4100,CAJABAMBA,CAJAMARCA
2568,4100,CAJAMARCA,CAJAMARCA
2569,4100,CAJATAMBO,LIMA
2570,4100,CALCA,CUSCO
2571,4100,CANAS,CUSCO
2572,4100,CANCHIS,CUSCO
2573,4100,CANDARAVE,TACNA
2574,4100,CANGALLO,AYACUCHO
2575,4100,CANTA,LIMA
2576,4100,CARABAYA,PUNO
2577,4100,CARAVELI,AREQUIPA
2578,4100,CARHUAZ,ANCASH
2579,4100,CARLOS FERMIN FITZCARRALD,ANCASH
2580,4100,CASMA,ANCASH
2581,4100,CASTILLA,AREQUIPA
2582,4100,CASTROVIRREYNA,HUANCAVELICA
2583,4100,CAYLLOMA,AREQUIPA
2584,4100,CELENDIN,CAJAMARCA
2585,4100,CHACHAPOYAS,AMAZONAS
2586,4100,CHANCHAMAYO,JUNIN
2587,4100,CHINCHA,ICA
2588,4100,CHINCHEROS,APURIMAC
2589,4100,CHOTA,CAJAMARCA
2590,4100,CHUCUITO,PUNO
2591,4100,CHUMBIVILCAS,CUSCO
2592,4100,CHUPACA,JUNIN
2593,4100,CHURCAMPA,HUANCAVELICA
2594,4100,CONCEPCION,JUNIN
2595,4100,CONDESUYOS,AREQUIPA
2596,4100,CONTUMAZA,CAJAMARCA
2597,4100,CORONGO,ANCASH
2598,4100,COTABAMBAS,APURIMAC
2599,4100,CUSCO,CUSCO
2600,4100,DANIEL ALCIDES CARRION,PASCO
2601,4100,DOS DE MAYO,HUANUCO
2602,4100,EL COLLAO,PUNO
2603,4100,ESPINAR,CUSCO
2604,4100,GENERAL SANCHEZ CERRO,MOQUEGUA
2605,4100,GRAN CHIMU,LA LIBERTAD
2606,4100,GRAU,APURIMAC
2607,4100,HUACAYBAMBA,HUANUCO
2608,4100,HUALGAYOC,CAJAMARCA
2609,4100,HUAMALIES,HUANUCO
2610,4100,HUAMANGA,AYACUCHO
2611,4100,HUANCA SANCOS,AYACUCHO
2612,4100,HUANCANE,PUNO
2613,4100,HUANCAVELICA,HUANCAVELICA
2614,4100,HUANCAYO,JUNIN
2615,4100,HUANTA,AYACUCHO
2616,4100,HUANUCO,HUANUCO
2617,4100,HUARAL,LIMA
2618,4100,HUARAZ,ANCASH
2619,4100,HUARI,ANCASH
2620,4100,HUARMEY,ANCASH
2621,4100,HUAROCHIRI,LIMA
2622,4100,HUAURA,LIMA
2623,4100,HUAYLAS,ANCASH
2624,4100,HUAYTARA,HUANCAVELICA
2625,4100,JAUJA,JUNIN
2626,4100,JORGE BASADRE,TACNA
2627,4100,JULCAN,LA LIBERTAD
2628,4100,JUNIN,JUNIN
2629,4100,LA CONVENCION,CUSCO
2630,4100,LA MAR,AYACUCHO
2631,4100,LA UNION,AREQUIPA
2632,4100,LAMPA,PUNO
2633,4100,LAURICOCHA,HUANUCO
2634,4100,LUCANAS,AYACUCHO
2635,4100,MARAÑON,HUANUCO
2636,4100,MARISCAL CACERES,SAN MARTIN
2637,4100,MARISCAL LUZURIAGA,ANCASH
2638,4100,MARISCAL NIETO,MOQUEGUA
2639,4100,MELGAR,PUNO
2640,4100,MOHO,PUNO
2641,4100,OCROS,ANCASH
2642,4100,OTUZCO,LA LIBERTAD
2643,4100,OXAPAMPA,PASCO
2644,4100,OYON,LIMA
2645,4100,PACHITEA,HUANUCO
2646,4100,PALLASCA,ANCASH
2647,4100,PARINACOCHAS,AYACUCHO
2648,4100,PARURO,CUSCO
2649,4100,PASCO,PASCO
2650,4100,PATAZ,LA LIBERTAD
2651,4100,PAUCAR DEL SARA SARA,AYACUCHO
2652,4100,PAUCARTAMBO,CUSCO
2653,4100,POMABAMBA,ANCASH
2654,4100,PUNO,PUNO
2655,4100,QUISPICANCHI,CUSCO
2656,4100,RECUAY,ANCASH
2657,4100,SAN ANTONIO DE PUTINA,PUNO
2658,4100,SAN MARCOS,CAJAMARCA
2659,4100,SAN MIGUEL,CAJAMARCA
2660,4100,SAN PABLO,CAJAMARCA
2661,4100,SAN ROMAN,PUNO
2662,4100,SANCHEZ CARRION,LA LIBERTAD
2663,4100,SANDIA,PUNO
2664,4100,SANTA,ANCASH
2665,4100,SANTIAGO DE CHUCO,LA LIBERTAD
2666,4100,SATIPO,JUNIN
2667,4100,SIHUAS,ANCASH
2668,4100,SUCRE,AYACUCHO
2669,4100,TACNA,TACNA
2670,4100,TARATA,TACNA
2671,4100,TARMA,JUNIN
2672,4100,TAYACAJA,HUANCAVELICA
2673,4100,TOCACHE,SAN MARTIN
2674,4100,URUBAMBA,CUSCO
2675,4100,VICTOR FAFARDO,AYACUCHO
2676,4100,VICTOR FAJARDO,AYACUCHO
2677,4100,VILCAS HUAMAN,AYACUCHO
2678,4100,VIRU,LA LIBERTAD
2679,4100,YAROWILCA,HUANUCO
2680,4100,YAULI,JUNIN
2681,4100,YAUYOS,LIMA
2682,4100,YUNGAY,ANCASH
2683,4100,YUNGUYO,PUNO
2684,4300,ABANCAY,APURIMAC
2685,4300,ACOBAMBA,HUANCAVELICA
2686,4300,ACOMAYO,CUSCO
2687,4300,AIJA,ANCASH
2688,4300,AMBO,HUANUCO
2689,4300,ANDAHUAYLAS,APURIMAC
2690,4300,ANGARAES,HUANCAVELICA
2691,4300,ANTA,CUSCO
2692,4300,ANTABAMBA,APURIMAC
2693,4300,ANTONIO RAYMONDI,ANCASH
2694,4300,AREQUIPA,AREQUIPA
2695,4300,ASUNCION,ANCASH
2696,4300,AYMARAES,APURIMAC
2697,4300,AZANGARO,PUNO
2698,4300,BOLIVAR,LA LIBERTAD
2699,4300,BOLOGNESI,ANCASH
2700,4300,CAJABAMBA,CAJAMARCA
2701,4300,CAJATAMBO,LIMA
2702,4300,CALCA,CUSCO
2703,4300,CANAS,CUSCO
2704,4300,CANCHIS,CUSCO
2705,4300,CANDARAVE,TACNA
2706,4300,CANGALLO,AYACUCHO
2707,4300,CANTA,LIMA
2708,4300,CARABAYA,PUNO
2709,4300,CARAVELI,AREQUIPA
2710,4300,CARHUAZ,ANCASH
2711,4300,CARLOS FERMIN FITZCARRALD,ANCASH
2712,4300,CASMA,ANCASH
2713,4300,CASTILLA,AREQUIPA
2714,4300,CASTROVIRREYNA,HUANCAVELICA
2715,4300,CAYLLOMA,AREQUIPA
2716,4300,CHACHAPOYAS,AMAZONAS
2717,4300,CHANCHAMAYO,JUNIN
2718,4300,CHINCHA,ICA
2719,4300,CHINCHEROS,APURIMAC
2720,4300,CHUCUITO,PUNO
2721,4300,CHUMBIVILCAS,CUSCO
2722,4300,CHUPACA,JUNIN
2723,4300,CHURCAMPA,HUANCAVELICA
2724,4300,CONCEPCION,JUNIN
2725,4300,CONDESUYOS,AREQUIPA
2726,4300,CORONGO,ANCASH
2727,4300,COTABAMBAS,APURIMAC
2728,4300,CUSCO,CUSCO
2729,4300,DANIEL ALCIDES CARRION,PASCO
2730,4300,DOS DE MAYO,HUANUCO
2731,4300,EL COLLAO,PUNO
2732,4300,ESPINAR,CUSCO
2733,4300,GENERAL SANCHEZ CERRO,MOQUEGUA
2734,4300,GRAN CHIMU,LA LIBERTAD
2735,4300,GRAU,APURIMAC
2736,4300,HUACAYBAMBA,HUANUCO
2737,4300,HUAMALIES,HUANUCO
2738,4300,HUAMANGA,AYACUCHO
2739,4300,HUANCA SANCOS,AYACUCHO
2740,4300,HUANCANE,PUNO
2741,4300,HUANCAVELICA,HUANCAVELICA
2742,4300,HUANCAYO,JUNIN
2743,4300,HUANTA,AYACUCHO
2744,4300,HUANUCO,HUANUCO
2745,4300,HUARAL,LIMA
2746,4300,HUARAZ,ANCASH
2747,4300,HUARI,ANCASH
2748,4300,HUARMEY,ANCASH
2749,4300,HUAROCHIRI,LIMA
2750,4300,HUAURA,LIMA
2751,4300,HUAYLAS,ANCASH
2752,4300,HUAYTARA,HUANCAVELICA
2753,4300,JAUJA,JUNIN
2754,4300,JULCAN,LA LIBERTAD
2755,4300,JUNIN,JUNIN
2756,4300,LA CONVENCION,CUSCO
2757,4300,LA MAR,AYACUCHO
2758,4300,LA UNION,AREQUIPA
2759,4300,LAMPA,PUNO
2760,4300,LAURICOCHA,HUANUCO
2761,4300,LUCANAS,AYACUCHO
2762,4300,MARAÑON,HUANUCO
2763,4300,MARISCAL CACERES,SAN MARTIN
2764,4300,MARISCAL LUZURIAGA,ANCASH
2765,4300,MARISCAL NIETO,MOQUEGUA
2766,4300,MELGAR,PUNO
2767,4300,MOHO,PUNO
2768,4300,OCROS,ANCASH
2769,4300,OTUZCO,LA LIBERTAD
2770,4300,OXAPAMPA,PASCO
2771,4300,OYON,LIMA
2772,4300,PACHITEA,HUANUCO
2773,4300,PALLASCA,ANCASH
2774,4300,PARINACOCHAS,AYACUCHO
2775,4300,PARURO,CUSCO
2776,4300,PASCO,PASCO
2777,4300,PATAZ,LA LIBERTAD
2778,4300,PAUCAR DEL SARA SARA,AYACUCHO
2779,4300,PAUCARTAMBO,CUSCO
2780,4300,POMABAMBA,ANCASH
2781,4300,PUNO,PUNO
2782,4300,QUISPICANCHI,CUSCO
2783,4300,RECUAY,ANCASH
2784,4300,SAN ANTONIO DE PUTINA,PUNO
2785,4300,SAN ROMAN,PUNO
2786,4300,SANCHEZ CARRION,LA LIBERTAD
2787,4300,SANDIA,PUNO
2788,4300,SANTA,ANCASH
2789,4300,SANTIAGO DE CHUCO,LA LIBERTAD
2790,4300,SATIPO,JUNIN
2791,4300,SIHUAS,ANCASH
2792,4300,SUCRE,AYACUCHO
2793,4300,TACNA,TACNA
2794,4300,TARATA,TACNA
2795,4300,TARMA,JUNIN
2796,4300,TAYACAJA,HUANCAVELICA
2797,4300,TOCACHE,SAN MARTIN
2798,4300,URUBAMBA,CUSCO
2799,4300,VICTOR FAFARDO,AYACUCHO
2800,4300,VICTOR FAJARDO,AYACUCHO
2801,4300,VILCAS HUAMAN,AYACUCHO
2802,4300,YAROWILCA,HUANUCO
2803,4300,YAULI,JUNIN
2804,4300,YAUYOS,LIMA
2805,4300,YUNGAY,ANCASH
2806,4300,YUNGUYO,PUNO
2807,4500,ABANCAY,APURIMAC
2808,4500,ACOBAMBA,HUANCAVELICA
2809,4500,ACOMAYO,CUSCO
2810,4500,AIJA,ANCASH
2811,4500,AMBO,HUANUCO
2812,4500,ANDAHUAYLAS,APURIMAC
2813,4500,ANGARAES,HUANCAVELICA
2814,4500,ANTA,CUSCO
2815,4500,ANTABAMBA,APURIMAC
2816,4500,ANTONIO RAYMONDI,ANCASH
2817,4500,AREQUIPA,AREQUIPA
2818,4500,ASUNCION,ANCASH
2819,4500,AYMARAES,APURIMAC
2820,4500,AZANGARO,PUNO
2821,4500,BOLIVAR,LA LIBERTAD
2822,4500,BOLOGNESI,ANCASH
2823,4500,CAJATAMBO,LIMA
2824,4500,CALCA,CUSCO
2825,4500,CANAS,CUSCO
2826,4500,CANCHIS,CUSCO
2827,4500,CANDARAVE,TACNA
2828,4500,CANGALLO,AYACUCHO
2829,4500,CANTA,LIMA
2830,4500,CARABAYA,PUNO
2831,4500,CARAVELI,AREQUIPA
2832,4500,CARHUAZ,ANCASH
2833,4500,CARLOS FERMIN FITZCARRALD,ANCASH
2834,4500,CASMA,ANCASH
2835,4500,CASTILLA,AREQUIPA
2836,4500,CASTROVIRREYNA,HUANCAVELICA
2837,4500,CAYLLOMA,AREQUIPA
2838,4500,CHANCHAMAYO,JUNIN
2839,4500,CHINCHA,ICA
2840,4500,CHINCHEROS,APURIMAC
2841,4500,CHUCUITO,PUNO
2842,4500,CHUMBIVILCAS,CUSCO
2843,4500,CHUPACA,JUNIN
2844,4500,CHURCAMPA,HUANCAVELICA
2845,4500,CONCEPCION,JUNIN
2846,4500,CONDESUYOS,AREQUIPA
2847,4500,CORONGO,ANCASH
2848,4500,COTABAMBAS,APURIMAC
2849,4500,CUSCO,CUSCO
2850,4500,DANIEL ALCIDES CARRION,PASCO
2851,4500,DOS DE MAYO,HUANUCO
2852,4500,EL COLLAO,PUNO
2853,4500,ESPINAR,CUSCO
2854,4500,GENERAL SANCHEZ CERRO,MOQUEGUA
2855,4500,GRAU,APURIMAC
2856,4500,HUACAYBAMBA,HUANUCO
2857,4500,HUAMALIES,HUANUCO
2858,4500,HUAMANGA,AYACUCHO
2859,4500,HUANCA SANCOS,AYACUCHO
2860,4500,HUANCANE,PUNO
2861,4500,HUANCAVELICA,HUANCAVELICA
2862,4500,HUANCAYO,JUNIN
2863,4500,HUANTA,AYACUCHO
2864,4500,HUANUCO,HUANUCO
2865,4500,HUARAL,LIMA
2866,4500,HUARAZ,ANCASH
2867,4500,HUARI,ANCASH
2868,4500,HUARMEY,ANCASH
2869,4500,HUAROCHIRI,LIMA
2870,4500,HUAURA,LIMA
2871,4500,HUAYLAS,ANCASH
2872,4500,HUAYTARA,HUANCAVELICA
2873,4500,JAUJA,JUNIN
2874,4500,JUNIN,JUNIN
2875,4500,LA CONVENCION,CUSCO
2876,4500,LA MAR,AYACUCHO
2877,4500,LA UNION,AREQUIPA
2878,4500,LAMPA,PUNO
2879,4500,LAURICOCHA,HUANUCO
2880,4500,LUCANAS,AYACUCHO
2881,4500,MARAÑON,HUANUCO
2882,4500,MARISCAL CACERES,SAN MARTIN
2883,4500,MARISCAL LUZURIAGA,ANCASH
2884,4500,MARISCAL NIETO,MOQUEGUA
2885,4500,MELGAR,PUNO
2886,4500,MOHO,PUNO
2887,4500,OCROS,ANCASH
2888,4500,OXAPAMPA,PASCO
2889,4500,OYON,LIMA
2890,4500,PACHITEA,HUANUCO
2891,4500,PALLASCA,ANCASH
2892,4500,PARINACOCHAS,AYACUCHO
2893,4500,PARURO,CUSCO
2894,4500,PASCO,PASCO
2895,4500,PATAZ,LA LIBERTAD
2896,4500,PAUCAR DEL SARA SARA,AYACUCHO
2897,4500,PAUCARTAMBO,CUSCO
2898,4500,POMABAMBA,ANCASH
2899,4500,PUNO,PUNO
2900,4500,QUISPICANCHI,CUSCO
2901,4500,RECUAY,ANCASH
2902,4500,SAN ANTONIO DE PUTINA,PUNO
2903,4500,SAN ROMAN,PUNO
2904,4500,SANCHEZ CARRION,LA LIBERTAD
2905,4500,SANDIA,PUNO
2906,4500,SANTA,ANCASH
2907,4500,SANTIAGO DE CHUCO,LA LIBERTAD
2908,4500,SATIPO,JUNIN
2909,4500,SIHUAS,ANCASH
2910,4500,SUCRE,AYACUCHO
2911,4500,TACNA,TACNA
2912,4500,TARATA,TACNA
2913,4500,TARMA,JUNIN
2914,4500,TAYACAJA,HUANCAVELICA
2915,4500,URUBAMBA,CUSCO
2916,4500,VICTOR FAFARDO,AYACUCHO
2917,4500,VICTOR FAJARDO,AYACUCHO
2918,4500,YAROWILCA,HUANUCO
2919,4500,YAULI,JUNIN
2920,4500,YAUYOS,LIMA
2921,4500,YUNGAY,ANCASH
2922,4500,YUNGUYO,PUNO
2923,4700,ABANCAY,APURIMAC
2924,4700,ACOMAYO,CUSCO
2925,4700,AIJA,ANCASH
2926,4700,AMBO,HUANUCO
2927,4700,ANDAHUAYLAS,APURIMAC
2928,4700,ANGARAES,HUANCAVELICA
2929,4700,ANTA,CUSCO
2930,4700,ANTABAMBA,APURIMAC
2931,4700,ANTONIO RAYMONDI,ANCASH
2932,4700,AREQUIPA,AREQUIPA
2933,4700,ASUNCION,ANCASH
2934,4700,AYMARAES,APURIMAC
2935,4700,AZANGARO,PUNO
2936,4700,BOLOGNESI,ANCASH
2937,4700,CAJATAMBO,LIMA
2938,4700,CALCA,CUSCO
2939,4700,CANAS,CUSCO
2940,4700,CANCHIS,CUSCO
2941,4700,CANDARAVE,TACNA
2942,4700,CANGALLO,AYACUCHO
2943,4700,CANTA,LIMA
2944,4700,CARABAYA,PUNO
2945,4700,CARAVELI,AREQUIPA
2946,4700,CARHUAZ,ANCASH
2947,4700,CARLOS FERMIN FITZCARRALD,ANCASH
2948,4700,CASTILLA,AREQUIPA
2949,4700,CASTROVIRREYNA,HUANCAVELICA
2950,4700,CAYLLOMA,AREQUIPA
2951,4700,CHANCHAMAYO,JUNIN
2952,4700,CHINCHA,ICA
2953,4700,CHINCHEROS,APURIMAC
2954,4700,CHUCUITO,PUNO
2955,4700,CHUMBIVILCAS,CUSCO
2956,4700,CHUPACA,JUNIN
2957,4700,CONCEPCION,JUNIN
2958,4700,CONDESUYOS,AREQUIPA
2959,4700,CORONGO,ANCASH
2960,4700,COTABAMBAS,APURIMAC
2961,4700,DANIEL ALCIDES CARRION,PASCO
2962,4700,DOS DE MAYO,HUANUCO
2963,4700,EL COLLAO,PUNO
2964,4700,ESPINAR,CUSCO
2965,4700,GENERAL SANCHEZ CERRO,MOQUEGUA
2966,4700,GRAU,APURIMAC
2967,4700,HUAMALIES,HUANUCO
2968,4700,HUAMANGA,AYACUCHO
2969,4700,HUANCA SANCOS,AYACUCHO
2970,4700,HUANCANE,PUNO
2971,4700,HUANCAVELICA,HUANCAVELICA
2972,4700,HUANCAYO,JUNIN
2973,4700,HUANTA,AYACUCHO
2974,4700,HUARAL,LIMA
2975,4700,HUARAZ,ANCASH
2976,4700,HUARI,ANCASH
2977,4700,HUARMEY,ANCASH
2978,4700,HUAROCHIRI,LIMA
2979,4700,HUAURA,LIMA
2980,4700,HUAYLAS,ANCASH
2981,4700,HUAYTARA,HUANCAVELICA
2982,4700,JAUJA,JUNIN
2983,4700,JUNIN,JUNIN
2984,4700,LA CONVENCION,CUSCO
2985,4700,LA MAR,AYACUCHO
2986,4700,LA UNION,AREQUIPA
2987,4700,LAMPA,PUNO
2988,4700,LAURICOCHA,HUANUCO
2989,4700,LUCANAS,AYACUCHO
2990,4700,MARAÑON,HUANUCO
2991,4700,MARISCAL LUZURIAGA,ANCASH
2992,4700,MARISCAL NIETO,MOQUEGUA
2993,4700,MELGAR,PUNO
2994,4700,MOHO,PUNO
2995,4700,OCROS,ANCASH
2996,4700,OXAPAMPA,PASCO
2997,4700,OYON,LIMA
2998,4700,PACHITEA,HUANUCO
2999,4700,PALLASCA,ANCASH
3000,4700,PARINACOCHAS,AYACUCHO
3001,4700,PARURO,CUSCO
3002,4700,PASCO,PASCO
3003,4700,PAUCAR DEL SARA SARA,AYACUCHO
3004,4700,PAUCARTAMBO,CUSCO
3005,4700,POMABAMBA,ANCASH
3006,4700,PUNO,PUNO
3007,4700,QUISPICANCHI,CUSCO
3008,4700,RECUAY,ANCASH
3009,4700,SAN ANTONIO DE PUTINA,PUNO
3010,4700,SAN ROMAN,PUNO
3011,4700,SANDIA,PUNO
3012,4700,SANTA,ANCASH
3013,4700,SATIPO,JUNIN
3014,4700,SUCRE,AYACUCHO
3015,4700,TACNA,TACNA
3016,4700,TARATA,TACNA
3017,4700,TARMA,JUNIN
3018,4700,TAYACAJA,HUANCAVELICA
3019,4700,URUBAMBA,CUSCO
3020,4700,VICTOR FAFARDO,AYACUCHO
3021,4700,VICTOR FAJARDO,AYACUCHO
3022,4700,YAROWILCA,HUANUCO
3023,4700,YAULI,JUNIN
3024,4700,YAUYOS,LIMA
3025,4700,YUNGAY,ANCASH
3026,4700,YUNGUYO,PUNO
3027,4900,ABANCAY,APURIMAC
3028,4900,ACOMAYO,CUSCO
3029,4900,AIJA,ANCASH
3030,4900,ANDAHUAYLAS,APURIMAC
3031,4900,ANGARAES,HUANCAVELICA
3032,4900,ANTA,CUSCO
3033,4900,ANTABAMBA,APURIMAC
3034,4900,AREQUIPA,AREQUIPA
3035,4900,ASUNCION,ANCASH
3036,4900,AYMARAES,APURIMAC
3037,4900,AZANGARO,PUNO
3038,4900,BOLOGNESI,ANCASH
3039,4900,CAJATAMBO,LIMA
3040,4900,CALCA,CUSCO
3041,4900,CANAS,CUSCO
3042,4900,CANCHIS,CUSCO
3043,4900,CANDARAVE,TACNA
3044,4900,CANGALLO,AYACUCHO
3045,4900,CANTA,LIMA
3046,4900,CARABAYA,PUNO
3047,4900,CARHUAZ,ANCASH
3048,4900,CASTILLA,AREQUIPA
3049,4900,CASTROVIRREYNA,HUANCAVELICA
3050,4900,CAYLLOMA,AREQUIPA
3051,4900,CHINCHA,ICA
3052,4900,CHUCUITO,PUNO
3053,4900,CHUMBIVILCAS,CUSCO
3054,4900,CHUPACA,JUNIN
3055,4900,CONCEPCION,JUNIN
3056,4900,CONDESUYOS,AREQUIPA
3057,4900,CORONGO,ANCASH
3058,4900,COTABAMBAS,APURIMAC
3059,4900,DANIEL ALCIDES CARRION,PASCO
3060,4900,EL COLLAO,PUNO
3061,4900,ESPINAR,CUSCO
3062,4900,GENERAL SANCHEZ CERRO,MOQUEGUA
3063,4900,GRAU,APURIMAC
3064,4900,HUAMALIES,HUANUCO
3065,4900,HUAMANGA,AYACUCHO
3066,4900,HUANCANE,PUNO
3067,4900,HUANCAVELICA,HUANCAVELICA
3068,4900,HUANCAYO,JUNIN
3069,4900,HUANTA,AYACUCHO
3070,4900,HUARAL,LIMA
3071,4900,HUARAZ,ANCASH
3072,4900,HUARI,ANCASH
3073,4900,HUAROCHIRI,LIMA
3074,4900,HUAURA,LIMA
3075,4900,HUAYLAS,ANCASH
3076,4900,HUAYTARA,HUANCAVELICA
3077,4900,JAUJA,JUNIN
3078,4900,LA CONVENCION,CUSCO
3079,4900,LA UNION,AREQUIPA
3080,4900,LAMPA,PUNO
3081,4900,LAURICOCHA,HUANUCO
3082,4900,LUCANAS,AYACUCHO
3083,4900,MARISCAL LUZURIAGA,ANCASH
3084,4900,MARISCAL NIETO,MOQUEGUA
3085,4900,MELGAR,PUNO
3086,4900,OCROS,ANCASH
3087,4900,OXAPAMPA,PASCO
3088,4900,OYON,LIMA
3089,4900,PACHITEA,HUANUCO
3090,4900,PALLASCA,ANCASH
3091,4900,PARINACOCHAS,AYACUCHO
3092,4900,PASCO,PASCO
3093,4900,PAUCAR DEL SARA SARA,AYACUCHO
3094,4900,PAUCARTAMBO,CUSCO
3095,4900,POMABAMBA,ANCASH
3096,4900,PUNO,PUNO
3097,4900,QUISPICANCHI,CUSCO
3098,4900,RECUAY,ANCASH
3099,4900,SAN ANTONIO DE PUTINA,PUNO
3100,4900,SAN ROMAN,PUNO
3101,4900,SANDIA,PUNO
3102,4900,SANTA,ANCASH
3103,4900,SUCRE,AYACUCHO
3104,4900,TACNA,TACNA
3105,4900,TARATA,TACNA
3106,4900,TARMA,JUNIN
3107,4900,URUBAMBA,CUSCO
3108,4900,YAULI,JUNIN
3109,4900,YAUYOS,LIMA
3110,4900,YUNGAY,ANCASH
3111,5100,ABANCAY,APURIMAC
3112,5100,ANGARAES,HUANCAVELICA
3113,5100,ANTA,CUSCO
3114,5100,ANTABAMBA,APURIMAC
3115,5100,AREQUIPA,AREQUIPA
3116,5100,ASUNCION,ANCASH
3117,5100,AZANGARO,PUNO
3118,5100,BOLOGNESI,ANCASH
3119,5100,CAJATAMBO,LIMA
3120,5100,CALCA,CUSCO
3121,5100,CANAS,CUSCO
3122,5100,CANCHIS,CUSCO
3123,5100,CANDARAVE,TACNA
3124,5100,CANGALLO,AYACUCHO
3125,5100,CANTA,LIMA
3126,5100,CARABAYA,PUNO
3127,5100,CARHUAZ,ANCASH
3128,5100,CASTILLA,AREQUIPA
3129,5100,CASTROVIRREYNA,HUANCAVELICA
3130,5100,CAYLLOMA,AREQUIPA
3131,5100,CHUCUITO,PUNO
3132,5100,CHUMBIVILCAS,CUSCO
3133,5100,CONCEPCION,JUNIN
3134,5100,CONDESUYOS,AREQUIPA
3135,5100,CORONGO,ANCASH
3136,5100,DANIEL ALCIDES CARRION,PASCO
3137,5100,EL COLLAO,PUNO
3138,5100,ESPINAR,CUSCO
3139,5100,GENERAL SANCHEZ CERRO,MOQUEGUA
3140,5100,GRAU,APURIMAC
3141,5100,HUANCANE,PUNO
3142,5100,HUANCAVELICA,HUANCAVELICA
3143,5100,HUANCAYO,JUNIN
3144,5100,HUARAL,LIMA
3145,5100,HUARAZ,ANCASH
3146,5100,HUARI,ANCASH
3147,5100,HUAROCHIRI,LIMA
3148,5100,HUAURA,LIMA
3149,5100,HUAYLAS,ANCASH
3150,5100,HUAYTARA,HUANCAVELICA
3151,5100,JAUJA,JUNIN
3152,5100,LA CONVENCION,CUSCO
3153,5100,LA UNION,AREQUIPA
3154,5100,LAMPA,PUNO
3155,5100,LAURICOCHA,HUANUCO
3156,5100,MARISCAL LUZURIAGA,ANCASH
3157,5100,MARISCAL NIETO,MOQUEGUA
3158,5100,MELGAR,PUNO
3159,5100,OCROS,ANCASH
3160,5100,OXAPAMPA,PASCO
3161,5100,OYON,LIMA
3162,5100,PARINACOCHAS,AYACUCHO
3163,5100,PASCO,PASCO
3164,5100,PAUCAR DEL SARA SARA,AYACUCHO
3165,5100,PAUCARTAMBO,CUSCO
3166,5100,POMABAMBA,ANCASH
3167,5100,PUNO,PUNO
3168,5100,QUISPICANCHI,CUSCO
3169,5100,RECUAY,ANCASH
3170,5100,SAN ANTONIO DE PUTINA,PUNO
3171,5100,SAN ROMAN,PUNO
3172,5100,SANDIA,PUNO
3173,5100,SANTA,ANCASH
3174,5100,TACNA,TACNA
3175,5100,TARATA,TACNA
3176,5100,URUBAMBA,CUSCO
3177,5100,YAULI,JUNIN
3178,5100,YAUYOS,LIMA
3179,5100,YUNGAY,ANCASH
3180,5300,ANTA,CUSCO
3181,5300,ANTABAMBA,APURIMAC
3182,5300,AREQUIPA,AREQUIPA
3183,5300,ASUNCION,ANCASH
3184,5300,BOLOGNESI,ANCASH
3185,5300,CAJATAMBO,LIMA
3186,5300,CALCA,CUSCO
3187,5300,CANAS,CUSCO
3188,5300,CANCHIS,CUSCO
3189,5300,CANDARAVE,TACNA
3190,5300,CANTA,LIMA
3191,5300,CARABAYA,PUNO
3192,5300,CARHUAZ,ANCASH
3193,5300,CASTILLA,AREQUIPA
3194,5300,CAYLLOMA,AREQUIPA
3195,5300,CHUMBIVILCAS,CUSCO
3196,5300,CONCEPCION,JUNIN
3197,5300,CONDESUYOS,AREQUIPA
3198,5300,DANIEL ALCIDES CARRION,PASCO
3199,5300,EL COLLAO,PUNO
3200,5300,GENERAL SANCHEZ CERRO,MOQUEGUA
3201,5300,HUANCAYO,JUNIN
3202,5300,HUARAZ,ANCASH
3203,5300,HUARI,ANCASH
3204,5300,HUAROCHIRI,LIMA
3205,5300,HUAYLAS,ANCASH
3206,5300,JAUJA,JUNIN
3207,5300,LA CONVENCION,CUSCO
3208,5300,LA UNION,AREQUIPA
3209,5300,LAMPA,PUNO
3210,5300,LAURICOCHA,HUANUCO
3211,5300,MARISCAL NIETO,MOQUEGUA
3212,5300,MELGAR,PUNO
3213,5300,OYON,LIMA
3214,5300,PARINACOCHAS,AYACUCHO
3215,5300,PASCO,PASCO
3216,5300,PAUCAR DEL SARA SARA,AYACUCHO
3217,5300,PAUCARTAMBO,CUSCO
3218,5300,POMABAMBA,ANCASH
3219,5300,PUNO,PUNO
3220,5300,QUISPICANCHI,CUSCO
3221,5300,RECUAY,ANCASH
3222,5300,SAN ANTONIO DE PUTINA,PUNO
3223,5300,SANDIA,PUNO
3224,5300,TACNA,TACNA
3225,5300,TARATA,TACNA
3226,5300,URUBAMBA,CUSCO
3227,5300,YAULI,JUNIN
3228,5300,YAUYOS,LIMA
3229,5300,YUNGAY,ANCASH
3230,5500,ANTA,CUSCO
3231,5500,AREQUIPA,AREQUIPA
3232,5500,ASUNCION,ANCASH
3233,5500,BOLOGNESI,ANCASH
3234,5500,CAJATAMBO,LIMA
3235,5500,CALCA,CUSCO
3236,5500,CANCHIS,CUSCO
3237,5500,CANDARAVE,TACNA
3238,5500,CARABAYA,PUNO
3239,5500,CARHUAZ,ANCASH
3240,5500,CASTILLA,AREQUIPA
3241,5500,CAYLLOMA,AREQUIPA
3242,5500,CONDESUYOS,AREQUIPA
3243,5500,DANIEL ALCIDES CARRION,PASCO
3244,5500,EL COLLAO,PUNO
3245,5500,GENERAL SANCHEZ CERRO,MOQUEGUA
3246,5500,HUARAZ,ANCASH
3247,5500,HUARI,ANCASH
3248,5500,HUAROCHIRI,LIMA
3249,5500,HUAYLAS,ANCASH
3250,5500,JAUJA,JUNIN
3251,5500,LA CONVENCION,CUSCO
3252,5500,LA UNION,AREQUIPA
3253,5500,LAURICOCHA,HUANUCO
3254,5500,MARISCAL NIETO,MOQUEGUA
3255,5500,MELGAR,PUNO
3256,5500,OYON,LIMA
3257,5500,PARINACOCHAS,AYACUCHO
3258,5500,PASCO,PASCO
3259,5500,PAUCAR DEL SARA SARA,AYACUCHO
3260,5500,PAUCARTAMBO,CUSCO
3261,5500,POMABAMBA,ANCASH
3262,5500,QUISPICANCHI,CUSCO
3263,5500,RECUAY,ANCASH
3264,5500,SAN ANTONIO DE PUTINA,PUNO
3265,5500,SANDIA,PUNO
3266,5500,TACNA,TACNA
3267,5500,TARATA,TACNA
3268,5500,URUBAMBA,CUSCO
3269,5500,YAULI,JUNIN
3270,5500,YAUYOS,LIMA
3271,5500,YUNGAY,ANCASH
3272,6000,ANTA,CUSCO
3273,6000,AREQUIPA,AREQUIPA
3274,6000,ASUNCION,ANCASH
3275,6000,BOLOGNESI,ANCASH
3276,6000,CAJATAMBO,LIMA
3277,6000,CANCHIS,CUSCO
3278,6000,CANDARAVE,TACNA
3279,6000,CARABAYA,PUNO
3280,6000,CARHUAZ,ANCASH
3281,6000,CASTILLA,AREQUIPA
3282,6000,CAYLLOMA,AREQUIPA
3283,6000,CONDESUYOS,AREQUIPA
3284,6000,HUARAZ,ANCASH
3285,6000,HUARI,ANCASH
3286,6000,HUAROCHIRI,LIMA
3287,6000,HUAYLAS,ANCASH
3288,6000,LA CONVENCION,CUSCO
3289,6000,LA UNION,AREQUIPA
3290,6000,LAURICOCHA,HUANUCO
3291,6000,POMABAMBA,ANCASH
3292,6000,QUISPICANCHI,CUSCO
3293,6000,SAN ANTONIO DE PUTINA,PUNO
3294,6000,SANDIA,PUNO
3295,6000,TACNA,TACNA
3296,6000,TARATA,TACNA
3297,6000,URUBAMBA,CUSCO
3298,6000,YAUYOS,LIMA
3299,6000,YUNGAY,ANCASH
3300,3900,CHUCUITO,PUNO
3301,3900,EL COLLAO,PUNO
